variableMetadata	gene	set	WT.KO_fold	WT.KO_BH	WT.KO_signif	M.F_fold	M.F_BH	M.F_signif	WT.KO_fold.1	oplsda_vip	biosigner	mixomics	initial_names	category	full_info	name	limma2ways_WT.MX2_diff	limma2ways_WT.MX2_BH	limma2ways_WT.MX2_signif	limma2ways_M.F_diff_MX2	limma2ways_M.F_BH_MX2	limma2ways_M.F_signif_MX2	PCA_xload-p1_MX2	PCA_xload-p2_MX2	biosign_plsda_MX2	biosign_forest_MX2	biosign_svm_MX2
Auditory.startle.reflex.reactivity.and.PPI...P1...PP90	MX2	clinics	12.1764285714286	0.031179852662437	1	-1.22586538461539	0.700383077342576	0	12.1764285714286		plsda	0	Auditory startle reflex reactivity and PPI - P1:% PP90	Auditory and PPI	startle_reflex_reactivity_and_PPI_P1_PP90	Auditory.startle.reflex.reactivity.and.PPI...P1...PP90	12.1764285714286	0.031179852662437	1	-1.22586538461539	0.700383077342576	0	-0.0245680866191197	-0.0838606251447727	S	E	E
Auditory.startle.reflex.reactivity.and.PPI...P1...PP85	MX2	clinics	13.2211904761905	0.176976867698087	0	0.655432692307684	0.997689409556618	0	13.2211904761905			0	Auditory startle reflex reactivity and PPI - P1:% PP85	Auditory and PPI	startle_reflex_reactivity_and_PPI_P1_PP85	Auditory.startle.reflex.reactivity.and.PPI...P1...PP85	13.2211904761905	0.176976867698087	0	0.655432692307684	0.997689409556618	0	-0.00280170735112471	-0.108022052874462	E	E	E
Clinical.chemistry.parameters.T..bilirubin..µmol.l.	MX2	clinics	1.98214285714286	0.176976867698087	0	-0.370238095238096	0.595341845058124	0	1.98214285714286			0	Clinical chemistry parameters:T. bilirubin (µmol/l)	Clinical chemistry	chemistry_parameters_T_bilirubin_µmol_l	Clinical.chemistry.parameters.T..bilirubin..µmol.l.	1.98214285714286	0.176976867698087	0	-0.370238095238096	0.595341845058124	0	0.0130772375097525	-0.102287075976785	E	E	E
Hot.plate.test.Nb.cage	MX2	clinics	-0.990476190476191	0.176976867698087	0	0.490384615384615	0.271332618990171	0	-0.990476190476191			0	Hot plate test:Nb/cage	Hot plate	plate_test_Nb_cage	Hot.plate.test.Nb.cage	-0.990476190476191	0.176976867698087	0	0.490384615384615	0.271332618990171	0	0.0315988829060927	0.104734655752823	E	E	E
Shock.threshold.test.Nb.cage	MX2	clinics	-0.990476190476191	0.176976867698087	0	0.490384615384615	0.271332618990171	0	-0.990476190476191			0	Shock threshold test:Nb/cage	Shock threshold	threshold_test_Nb_cage	Shock.threshold.test.Nb.cage	-0.990476190476191	0.176976867698087	0	0.490384615384615	0.271332618990171	0	0.0315988829060927	0.104734655752823	E	E	E
Auditory.brainstem.response.nb.cage	MX2	clinics	-0.919047619047619	0.176976867698087	0	0.413461538461538	0.337063232911414	0	-0.919047619047619			0	Auditory brainstem response:nb/cage	Auditory and PPI	brainstem_response_nb_cage	Auditory.brainstem.response.nb.cage	-0.919047619047619	0.176976867698087	0	0.413461538461538	0.337063232911414	0	0.0235508704814236	0.110244518372479	E	E	E
Auditory.startle.reflex.reactivity.and.PPI...P1.nb.cage	MX2	clinics	-0.919047619047619	0.176976867698087	0	0.413461538461538	0.337063232911414	0	-0.919047619047619			0	Auditory startle reflex reactivity and PPI - P1:nb/cage	Auditory and PPI	startle_reflex_reactivity_and_PPI_P1_nb_cage	Auditory.startle.reflex.reactivity.and.PPI...P1.nb.cage	-0.919047619047619	0.176976867698087	0	0.413461538461538	0.337063232911414	0	0.0235508704814236	0.110244518372479	E	E	E
Dysmorphology.IMPC.Nb.cage	MX2	clinics	-0.919047619047619	0.176976867698087	0	0.413461538461538	0.337063232911414	0	-0.919047619047619			0	Dysmorphology IMPC:Nb/cage	Dysmorphology	IMPC_Nb_cage	Dysmorphology.IMPC.Nb.cage	-0.919047619047619	0.176976867698087	0	0.413461538461538	0.337063232911414	0	0.0235508704814236	0.110244518372479	E	E	E
Grip.test.Nb.cage	MX2	clinics	-0.919047619047619	0.176976867698087	0	0.413461538461538	0.337063232911414	0	-0.919047619047619			0	Grip test:Nb/cage	Grip test	test_Nb_cage	Grip.test.Nb.cage	-0.919047619047619	0.176976867698087	0	0.413461538461538	0.337063232911414	0	0.0235508704814236	0.110244518372479	E	E	E
Modified.SHIRPA.Nb.cage	MX2	clinics	-0.919047619047619	0.176976867698087	0	0.413461538461538	0.337063232911414	0	-0.919047619047619			0	Modified SHIRPA:Nb/cage	SHIRPA	SHIRPA_Nb_cage	Modified.SHIRPA.Nb.cage	-0.919047619047619	0.176976867698087	0	0.413461538461538	0.337063232911414	0	0.0235508704814236	0.110244518372479	E	E	E
Modified.SHIRPA.Nb.cage.Eumodic	MX2	clinics	-0.919047619047619	0.176976867698087	0	0.413461538461538	0.337063232911414	0	-0.919047619047619			0	Modified SHIRPA:Nb/cage Eumodic	SHIRPA	SHIRPA_Nb_cage_Eumodic	Modified.SHIRPA.Nb.cage.Eumodic	-0.919047619047619	0.176976867698087	0	0.413461538461538	0.337063232911414	0	0.0235508704814236	0.110244518372479	E	E	E
Pavlovian.fear.conditioning.Nb.cage	MX2	clinics	-0.919047619047619	0.176976867698087	0	0.413461538461538	0.337063232911414	0	-0.919047619047619			0	Pavlovian fear conditioning:Nb/cage	Pavlovian fear cond.	fear_conditioning_Nb_cage	Pavlovian.fear.conditioning.Nb.cage	-0.919047619047619	0.176976867698087	0	0.413461538461538	0.337063232911414	0	0.0235508704814236	0.110244518372479	E	E	E
Rotarod.test.Nb.cage	MX2	clinics	-0.919047619047619	0.176976867698087	0	0.413461538461538	0.337063232911414	0	-0.919047619047619			0	Rotarod test:Nb/cage	Rotarod	test_Nb_cage	Rotarod.test.Nb.cage	-0.919047619047619	0.176976867698087	0	0.413461538461538	0.337063232911414	0	0.0235508704814236	0.110244518372479	E	E	E
Clinical.chemistry.parameters.Ca.mg.dl..mg.dl.	MX2	clinics	0.646688311688312	0.176976867698087	0	0.514615384615384	0.120406657898567	0	0.646688311688312			0	Clinical chemistry parameters:Ca mg/dl (mg/dl)	Clinical chemistry	chemistry_parameters_Ca_mg_dl_mg_dl	Clinical.chemistry.parameters.Ca.mg.dl..mg.dl.	0.646688311688312	0.176976867698087	0	0.514615384615384	0.120406657898567	0	0.0454755860507853	0.000419711666773297	E	E	E
Clinical.chemistry.parameters.Ca..mmol.l.	MX2	clinics	0.161493506493506	0.347648405311366	0	0.128461538461538	0.187203843332605	0	0.161493506493506			0	Clinical chemistry parameters:Ca (mmol/l)	Clinical chemistry	chemistry_parameters_Ca_mmol_l	Clinical.chemistry.parameters.Ca..mmol.l.	0.161493506493506	0.347648405311366	0	0.128461538461538	0.187203843332605	0	0.0454559322668311	0.000294416258230205	E	E	E
Clinical.chemistry.parameters.T..bilirubin.mg.dl..mg.dl.	MX2	clinics	0.115357142857143	0.347648405311366	0	-0.0254761904761904	0.66447341369277	0	0.115357142857143			0	Clinical chemistry parameters:T. bilirubin mg/dl (mg/dl)	Clinical chemistry	chemistry_parameters_T_bilirubin_mg_dl_mg_dl	Clinical.chemistry.parameters.T..bilirubin.mg.dl..mg.dl.	0.115357142857143	0.347648405311366	0	-0.0254761904761904	0.66447341369277	0	0.0106714435112347	-0.103521887505322	E	E	E
Auditory.startle.reflex.reactivity.and.PPI...P1.PP90	MX2	clinics	-72.9371428571428	0.353392555465758	0	-104.609615384615	0.00893124567999216	1	-72.9371428571428			0	Auditory startle reflex reactivity and PPI - P1:PP90	Auditory and PPI	startle_reflex_reactivity_and_PPI_P1_PP90	Auditory.startle.reflex.reactivity.and.PPI...P1.PP90	-72.9371428571428	0.353392555465758	0	-104.609615384615	0.00893124567999216	1	-0.070885922855042	0.120683792598399	E	E	E
Grip.test.Grip.mean.ratio..g.g.	MX2	clinics	-0.510714285714286	0.43979936680558	0	0.184711538461539	0.571933483335227	0	-0.510714285714286			0	Grip test:Grip mean ratio (g/g)	Grip test	test_Grip_mean_ratio_g_g	Grip.test.Grip.mean.ratio..g.g.	-0.510714285714286	0.43979936680558	0	0.184711538461539	0.571933483335227	0	0.0154943625599761	0.14258851758676	E	E	E
ECG.in.anaesthetized.conditions.Ramp..mv.	MX2	clinics	-0.180952380952381	0.43979936680558	0	-0.104423076923077	0.381961451210046	0	-0.180952380952381			0	ECG in anaesthetized conditions:Ramp (mv)	ECG	in_anaesthetized_conditions_Ramp_mv	ECG.in.anaesthetized.conditions.Ramp..mv.	-0.180952380952381	0.43979936680558	0	-0.104423076923077	0.381961451210046	0	-0.0369666534270187	0.00874723577678045	E	E	E
Echocardiography.using.the.Vevo.light.HR..bpm.	MX2	clinics	25.7142857142857	0.547596394489161	0	42.2980769230769	0.00858509156073002	1	25.7142857142857			0	Echocardiography using the Vevo light:HR (bpm)	Echocardiography	using_the_Vevo_light_HR_bpm	Echocardiography.using.the.Vevo.light.HR..bpm.	25.7142857142857	0.547596394489161	0	42.2980769230769	0.00858509156073002	1	0.0634602058146607	0.00206161795543253	E	E	E
Clinical.chemistry.parameters.Albumin..g.l.	MX2	clinics	1.63736263736264	0.547596394489161	0	1.96666666666667	0.0639550906491005	0	1.63736263736264			0	Clinical chemistry parameters:Albumin (g/l)	Clinical chemistry	chemistry_parameters_Albumin_g_l	Clinical.chemistry.parameters.Albumin..g.l.	1.63736263736264	0.547596394489161	0	1.96666666666667	0.0639550906491005	0	0.0772726526489552	-0.0624691285708596	E	E	E
Open.field.test...Time.Spent.in.the.Center.I2..cm.	MX2	clinics	-2.87523809523809	0.548935124821593	0	-1.21826923076923	0.6191921387025	0	-2.87523809523809			0	Open field test:% Time Spent in the Center I2 (cm)	Open field	field_test_Time_Spent_in_the_Center_I2_cm	Open.field.test...Time.Spent.in.the.Center.I2..cm.	-2.87523809523809	0.548935124821593	0	-1.21826923076923	0.6191921387025	0	-0.0213494211915347	-0.055432968574455	E	E	E
Haematology...Complete.blood.count..CBC.on.the.Advia.120.HCT....	MX2	clinics	-2.36643356643356	0.548935124821593	0	-2.26573426573427	0.187203843332605	0	-2.36643356643356			0	Haematology - Complete blood count (CBC)on the Advia 120:HCT (%)	Haematology	Complete_blood_count_CBC_on_the_Advia_120_HCT	Haematology...Complete.blood.count..CBC.on.the.Advia.120.HCT....	-2.36643356643356	0.548935124821593	0	-2.26573426573427	0.187203843332605	0	-0.0413597743427366	0.0149251862850858	E	E	E
Haematology...Complete.blood.count..CBC.on.the.Advia.120.Hte.brut....	MX2	clinics	-1.18321678321678	0.548935124821593	0	-1.13286713286713	0.187203843332605	0	-1.18321678321678			0	Haematology - Complete blood count (CBC)on the Advia 120:Hte brut (%)	Haematology	Complete_blood_count_CBC_on_the_Advia_120_Hte_brut	Haematology...Complete.blood.count..CBC.on.the.Advia.120.Hte.brut....	-1.18321678321678	0.548935124821593	0	-1.13286713286713	0.187203843332605	0	-0.0413597743427366	0.0149251862850858	E	E	E
Body.Weight.body.weight.w7..g.	MX2	clinics	0.860476190476192	0.548935124821593	0	-4.55817307692308	1.41281323008211e-07	1	0.860476190476192			0	Body Weight:body weight w7 (g)	Body	Weight_body_weight_w7_g	Body.Weight.body.weight.w7..g.	0.860476190476192	0.548935124821593	0	-4.55817307692308	1.41281323008211e-07	1	-0.125963037920103	-0.018355281578256	E	E	E
Open.field.test.av..speed.center..cm.s.	MX2	clinics	0.823761904761906	0.548935124821593	0	0.711682692307692	0.237850602362268	0	0.823761904761906			0	Open field test:av. speed center (cm/s)	Open field	field_test_av_speed_center_cm_s	Open.field.test.av..speed.center..cm.s.	0.823761904761906	0.548935124821593	0	0.711682692307692	0.237850602362268	0	0.0204309443876299	-0.0289578565412291	E	E	E
Pavlovian.fear.conditioning.context.freezing.con.1	MX2	clinics	-17.8666666666667	0.57325606634808	0	1.13461538461539	0.922580479517124	0	-17.8666666666667			0	Pavlovian fear conditioning:context freezing con-1	Pavlovian fear cond.	fear_conditioning_context_freezing_con_1	Pavlovian.fear.conditioning.context.freezing.con.1	-17.8666666666667	0.57325606634808	0	1.13461538461539	0.922580479517124	0	0.0254131775670243	0.10425457234758	E	E	E
Pavlovian.fear.conditioning.Freezing.....Con.1	MX2	clinics	-14.8874761904762	0.57325606634808	0	0.947740384615386	0.922580479517124	0	-14.8874761904762			0	Pavlovian fear conditioning:Freezing (%) Con-1	Pavlovian fear cond.	fear_conditioning_Freezing_Con_1	Pavlovian.fear.conditioning.Freezing.....Con.1	-14.8874761904762	0.57325606634808	0	0.947740384615386	0.922580479517124	0	0.0254199563443535	0.104250831274692	E	E	E
Auditory.startle.reflex.reactivity.and.PPI...P1.BN..65.	MX2	clinics	3.49285714285714	0.589179619600589	0	1.35528846153846	0.689242567006475	0	3.49285714285714			0	Auditory startle reflex reactivity and PPI - P1:BN (65)	Auditory and PPI	startle_reflex_reactivity_and_PPI_P1_BN_65	Auditory.startle.reflex.reactivity.and.PPI...P1.BN..65.	3.49285714285714	0.589179619600589	0	1.35528846153846	0.689242567006475	0	0.0316103442334133	-0.0561414707142932	E	E	E
Auditory.startle.reflex.reactivity.and.PPI...P1.Glb	MX2	clinics	8.13909523809523	0.598369176102296	0	1.84528846153847	0.843024714596136	0	8.13909523809523			0	Auditory startle reflex reactivity and PPI - P1:Glb	Auditory and PPI	startle_reflex_reactivity_and_PPI_P1_Glb	Auditory.startle.reflex.reactivity.and.PPI...P1.Glb	8.13909523809523	0.598369176102296	0	1.84528846153847	0.843024714596136	0	0.00975328131341448	-0.119346167505947	E	E	E
Rotarod.test.Trial.1..s.	MX2	clinics	-28.4333333333333	0.609442260353238	0	40.3894230769231	0.111985326375694	0	-28.4333333333333			0	Rotarod test:Trial 1 (s)	Rotarod	test_Trial_1_s	Rotarod.test.Trial.1..s.	-28.4333333333333	0.609442260353238	0	40.3894230769231	0.111985326375694	0	0.034474618804727	-0.00302036033565057	E	E	E
Grip.test.Trial2..4paws...g.	MX2	clinics	18.4142857142857	0.609442260353238	0	-22.8701923076923	0.158799313195728	0	18.4142857142857			0	Grip test:Trial2 (4paws) (g)	Grip test	test_Trial2_4paws_g	Grip.test.Trial2..4paws...g.	18.4142857142857	0.609442260353238	0	-22.8701923076923	0.158799313195728	0	-0.0849389094303587	0.0604153360093991	E	E	E
Test.de.Tolérance.au.Glucose..GTT..Glucose.T60..mg.dl.	MX2	clinics	-16.7857142857143	0.609442260353238	0	-49.0416666666667	0.000511185804004864	1	-16.7857142857143			0	Test de Tolérance au Glucose (GTT):Glucose T60 (mg/dl)	Glucose tolerance test	de_Tolérance_au_Glucose_GTT_Glucose_T60_mg_dl	Test.de.Tolérance.au.Glucose..GTT..Glucose.T60..mg.dl.	-16.7857142857143	0.609442260353238	0	-49.0416666666667	0.000511185804004864	1	-0.111461842355418	0.0351655913166913	E	E	E
ECG.in.anaesthetized.conditions.QT.corrigé..ms.Corr.	MX2	clinics	7.65742857142857	0.609442260353238	0	3.14384615384616	0.700383077342576	0	7.65742857142857			0	ECG in anaesthetized conditions:QT corrigé (ms Corr)	ECG	in_anaesthetized_conditions_QT_corrigé_ms_Corr	ECG.in.anaesthetized.conditions.QT.corrigé..ms.Corr.	7.65742857142857	0.609442260353238	0	3.14384615384616	0.700383077342576	0	-0.00461112005561967	0.0149856218702605	E	E	E
Clinical.chemistry.parameters.HDL.Chol..mg.dl..mg.dl.	MX2	clinics	-4.44753246753247	0.609442260353238	0	-8.34865384615385	0.00496701098398443	1	-4.44753246753247			0	Clinical chemistry parameters:HDL Chol. mg/dl (mg/dl)	Clinical chemistry	chemistry_parameters_HDL_Chol_mg_dl_mg_dl	Clinical.chemistry.parameters.HDL.Chol..mg.dl..mg.dl.	-4.44753246753247	0.609442260353238	0	-8.34865384615385	0.00496701098398443	1	-0.057062201243986	0.0335983603236182	E	E	E
Dysmorphology.IMPC.Loc..activity	MX2	clinics	-3.76666666666667	0.609442260353238	0	-2.39423076923077	0.501744202094118	0	-3.76666666666667			0	Dysmorphology IMPC:Loc. activity	Dysmorphology	IMPC_Loc_activity	Dysmorphology.IMPC.Loc..activity	-3.76666666666667	0.609442260353238	0	-2.39423076923077	0.501744202094118	0	-0.0436968257524615	0.0431273679084402	E	E	E
Modified.SHIRPA.Loc..activity	MX2	clinics	-3.76666666666667	0.609442260353238	0	-2.39423076923077	0.501744202094118	0	-3.76666666666667			0	Modified SHIRPA:Loc. activity	SHIRPA	SHIRPA_Loc_activity	Modified.SHIRPA.Loc..activity	-3.76666666666667	0.609442260353238	0	-2.39423076923077	0.501744202094118	0	-0.0436968257524615	0.0431273679084402	E	E	E
Open.field.test...distance.in.the.Center.I2..cm.	MX2	clinics	-3.24142857142857	0.609442260353238	0	-0.959615384615386	0.808766581373097	0	-3.24142857142857			0	Open field test:% distance in the Center I2 (cm)	Open field	field_test_distance_in_the_Center_I2_cm	Open.field.test...distance.in.the.Center.I2..cm.	-3.24142857142857	0.609442260353238	0	-0.959615384615386	0.808766581373097	0	-0.00737165683346608	-0.0573877082730042	E	E	E
Echocardiography.using.the.Vevo.light.FS....	MX2	clinics	2.10533333333333	0.609442260353238	0	1.50346153846154	0.443940100362693	0	2.10533333333333			0	Echocardiography using the Vevo light:FS (%)	Echocardiography	using_the_Vevo_light_FS	Echocardiography.using.the.Vevo.light.FS....	2.10533333333333	0.609442260353238	0	1.50346153846154	0.443940100362693	0	0.034204104211858	-0.00576892029885896	E	E	E
Haematology...Complete.blood.count..CBC.on.the.Advia.120..NEUTRO....	MX2	clinics	1.72797202797203	0.609442260353238	0	1.93076923076923	0.171261736626275	0	1.72797202797203			0	Haematology - Complete blood count (CBC)on the Advia 120:%NEUTRO (%)	Haematology	Complete_blood_count_CBC_on_the_Advia_120_NEUTRO	Haematology...Complete.blood.count..CBC.on.the.Advia.120..NEUTRO....	1.72797202797203	0.609442260353238	0	1.93076923076923	0.171261736626275	0	0.0387067526209607	0.0962160160550148	E	E	E
Test.de.Tolérance.au.Glucose..GTT..Glucose.T60..mmol.l.	MX2	clinics	-0.914285714285715	0.609442260353238	0	-2.7	0.000511185804004864	1	-0.914285714285715			0	Test de Tolérance au Glucose (GTT):Glucose T60 (mmol/l)	Glucose tolerance test	de_Tolérance_au_Glucose_GTT_Glucose_T60_mmol_l	Test.de.Tolérance.au.Glucose..GTT..Glucose.T60..mmol.l.	-0.914285714285715	0.609442260353238	0	-2.7	0.000511185804004864	1	-0.111494988065271	0.0352602873148894	E	E	E
Haematology...Complete.blood.count..CBC.on.the.Advia.120.LYMPHO..x10E03.cells.µL.	MX2	clinics	-0.901818181818182	0.609442260353238	0	-1.56531468531469	0.00532130526207076	1	-0.901818181818182			0	Haematology - Complete blood count (CBC)on the Advia 120:LYMPHO (x10E03 cells/µL)	Haematology	Complete_blood_count_CBC_on_the_Advia_120_LYMPHO_x10E03_cells_µL	Haematology...Complete.blood.count..CBC.on.the.Advia.120.LYMPHO..x10E03.cells.µL.	-0.901818181818182	0.609442260353238	0	-1.56531468531469	0.00532130526207076	1	-0.101304213785791	0.00356163584900333	E	E	E
Haematology...Complete.blood.count..CBC.on.the.Advia.120.RBC..x10E06.cells.µL.	MX2	clinics	-0.501678321678321	0.609442260353238	0	-0.505314685314685	0.237850602362268	0	-0.501678321678321			0	Haematology - Complete blood count (CBC)on the Advia 120:RBC (x10E06 cells/µL)	Haematology	Complete_blood_count_CBC_on_the_Advia_120_RBC_x10E06_cells_µL	Haematology...Complete.blood.count..CBC.on.the.Advia.120.RBC..x10E06.cells.µL.	-0.501678321678321	0.609442260353238	0	-0.505314685314685	0.237850602362268	0	-0.0269948695802491	-0.00209211509590152	E	E	E
Haematology...Complete.blood.count..CBC.on.the.Advia.120.LYMPHO.BRUT..x10E03.cells.µL.	MX2	clinics	-0.450909090909091	0.609442260353238	0	-0.782657342657343	0.0057135688237975	1	-0.450909090909091			0	Haematology - Complete blood count (CBC)on the Advia 120:LYMPHO BRUT (x10E03 cells/µL)	Haematology	Complete_blood_count_CBC_on_the_Advia_120_LYMPHO_BRUT_x10E03_cells_µL	Haematology...Complete.blood.count..CBC.on.the.Advia.120.LYMPHO.BRUT..x10E03.cells.µL.	-0.450909090909091	0.609442260353238	0	-0.782657342657343	0.0057135688237975	1	-0.101304213785791	0.00356163584900333	E	E	E
Haematology...Complete.blood.count..CBC.on.the.Advia.120.RBC.brut..x10E06.cells.µL.	MX2	clinics	-0.250839160839161	0.609442260353238	0	-0.252657342657343	0.249911711882394	0	-0.250839160839161			0	Haematology - Complete blood count (CBC)on the Advia 120:RBC brut (x10E06 cells/µL)	Haematology	Complete_blood_count_CBC_on_the_Advia_120_RBC_brut_x10E06_cells_µL	Haematology...Complete.blood.count..CBC.on.the.Advia.120.RBC.brut..x10E06.cells.µL.	-0.250839160839161	0.609442260353238	0	-0.252657342657343	0.249911711882394	0	-0.0269948695802491	-0.00209211509590152	E	E	E
Haematology...Complete.blood.count..CBC.on.the.Advia.120..LUC....	MX2	clinics	-0.208391608391608	0.609442260353238	0	-0.194405594405594	0.259283779243666	0	-0.208391608391608			0	Haematology - Complete blood count (CBC)on the Advia 120:%LUC (%)	Haematology	Complete_blood_count_CBC_on_the_Advia_120_LUC	Haematology...Complete.blood.count..CBC.on.the.Advia.120..LUC....	-0.208391608391608	0.609442260353238	0	-0.194405594405594	0.259283779243666	0	-0.0705436515725046	0.0600845856311405	E	E	E
ECG.in.anaesthetized.conditions.Number.of.signals	MX2	clinics	31.3714285714286	0.618741494925878	0	-16.5240384615385	0.585669488896985	0	31.3714285714286			0	ECG in anaesthetized conditions:Number of signals	ECG	in_anaesthetized_conditions_Number_of_signals	ECG.in.anaesthetized.conditions.Number.of.signals	31.3714285714286	0.618741494925878	0	-16.5240384615385	0.585669488896985	0	-0.0413792998111392	0.0223301768434121	E	E	E
Grip.test.Grip.mean..4paws...g.	MX2	clinics	16.593380952381	0.618741494925878	0	-23.1200961538462	0.145263464877489	0	16.593380952381			0	Grip test:Grip mean (4paws) (g)	Grip test	test_Grip_mean_4paws_g	Grip.test.Grip.mean..4paws...g.	16.593380952381	0.618741494925878	0	-23.1200961538462	0.145263464877489	0	-0.085074468828029	0.0469916682362977	E	E	E
Grip.test.Trial3..4paws...g.	MX2	clinics	16.1142857142857	0.618741494925878	0	-21.8990384615385	0.158799313195728	0	16.1142857142857			0	Grip test:Trial3 (4paws) (g)	Grip test	test_Trial3_4paws_g	Grip.test.Trial3..4paws...g.	16.1142857142857	0.618741494925878	0	-21.8990384615385	0.158799313195728	0	-0.0801589435443887	0.0219010207058529	E	E	E
Clinical.chemistry.parameters.Glucose.mg.dl..mg.dl.	MX2	clinics	-15.3233766233766	0.618741494925878	0	69.9576923076923	0.00108916920692025	1	-15.3233766233766			0	Clinical chemistry parameters:Glucose mg/dl (mg/dl)	Clinical chemistry	chemistry_parameters_Glucose_mg_dl_mg_dl	Clinical.chemistry.parameters.Glucose.mg.dl..mg.dl.	-15.3233766233766	0.618741494925878	0	69.9576923076923	0.00108916920692025	1	0.0572557260238943	0.0285617446909339	E	E	E
Grip.test.Trial.3..g.	MX2	clinics	-8.98095238095237	0.618741494925878	0	-22.2932692307692	0.00203234720407598	1	-8.98095238095237			0	Grip test:Trial 3 (g)	Grip test	test_Trial_3_g	Grip.test.Trial.3..g.	-8.98095238095237	0.618741494925878	0	-22.2932692307692	0.00203234720407598	1	-0.0910241293596104	0.102807394812343	E	E	E
Echocardiography.using.the.Vevo.light.EF....	MX2	clinics	3.08409523809524	0.618741494925878	0	2.46927884615385	0.390326876764615	0	3.08409523809524			0	Echocardiography using the Vevo light:EF (%)	Echocardiography	using_the_Vevo_light_EF	Echocardiography.using.the.Vevo.light.EF....	3.08409523809524	0.618741494925878	0	2.46927884615385	0.390326876764615	0	0.037938958544627	-0.00342174457027555	E	E	E
Clinical.chemistry.parameters.Glucose..mmol.l.	MX2	clinics	-0.851298701298701	0.618741494925878	0	3.88653846153846	0.00108916920692025	1	-0.851298701298701			0	Clinical chemistry parameters:Glucose (mmol/l)	Clinical chemistry	chemistry_parameters_Glucose_mmol_l	Clinical.chemistry.parameters.Glucose..mmol.l.	-0.851298701298701	0.618741494925878	0	3.88653846153846	0.00108916920692025	1	0.0572557260238944	0.028561744690934	E	E	E
Dysmorphology.IMPC.Body.weight..g.	MX2	clinics	0.640952380952381	0.618741494925878	0	-4.57644230769231	2.39462649817506e-07	1	0.640952380952381			0	Dysmorphology IMPC:Body weight (g)	Dysmorphology	IMPC_Body_weight_g	Dysmorphology.IMPC.Body.weight..g.	0.640952380952381	0.618741494925878	0	-4.57644230769231	2.39462649817506e-07	1	-0.129284154491615	-0.0063773583339245	E	E	E
Open.field.test.Number.of.Rearings.I4	MX2	clinics	5.01904761904762	0.621142204706423	0	-11.9951923076923	0.0135585186465129	1	5.01904761904762			0	Open field test:Number of Rearings I4	Open field	field_test_Number_of_Rearings_I4	Open.field.test.Number.of.Rearings.I4	5.01904761904762	0.621142204706423	0	-11.9951923076923	0.0135585186465129	1	-0.0827198631003856	-0.0673560581884511	E	E	E
Haematology...Complete.blood.count..CBC.on.the.Advia.120.WBC..x10E03.cells.µL.	MX2	clinics	-0.930909090909091	0.621142204706423	0	-1.74769230769231	0.00778041806017154	1	-0.930909090909091			0	Haematology - Complete blood count (CBC)on the Advia 120:WBC (x10E03 cells/µL)	Haematology	Complete_blood_count_CBC_on_the_Advia_120_WBC_x10E03_cells_µL	Haematology...Complete.blood.count..CBC.on.the.Advia.120.WBC..x10E03.cells.µL.	-0.930909090909091	0.621142204706423	0	-1.74769230769231	0.00778041806017154	1	-0.103428766661799	0.0171756801466001	E	E	E
Haematology...Complete.blood.count..CBC.on.the.Advia.120.WBC.brut..x10E03.cells.µL.	MX2	clinics	-0.465454545454545	0.621142204706423	0	-0.873846153846154	0.00789357559509167	1	-0.465454545454545			0	Haematology - Complete blood count (CBC)on the Advia 120:WBC brut (x10E03 cells/µL)	Haematology	Complete_blood_count_CBC_on_the_Advia_120_WBC_brut_x10E03_cells_µL	Haematology...Complete.blood.count..CBC.on.the.Advia.120.WBC.brut..x10E03.cells.µL.	-0.465454545454545	0.621142204706423	0	-0.873846153846154	0.00789357559509167	1	-0.103428766661799	0.0171756801466001	E	E	E
Ultrafocus...Densitométrie.osseuse.et.composition.corporelle.Body.length..cm.	MX2	clinics	0.118095238095238	0.621142204706423	0	-0.190384615384614	0.108907992643213	0	0.118095238095238			0	Ultrafocus - Densitométrie osseuse et composition corporelle:Body length (cm)	Body composition	Densitométrie_osseuse_et_composition_corporelle_Body_length_cm	Ultrafocus...Densitométrie.osseuse.et.composition.corporelle.Body.length..cm.	0.118095238095238	0.621142204706423	0	-0.190384615384614	0.108907992643213	0	-0.0954096830362555	-0.0164294940187843	E	E	E
Clinical.chemistry.parameters.HDL.Chol...mmol.l.	MX2	clinics	-0.114935064935065	0.621142204706423	0	-0.215705128205128	0.0142500844725797	1	-0.114935064935065			0	Clinical chemistry parameters:HDL Chol. (mmol/l)	Clinical chemistry	chemistry_parameters_HDL_Chol_mmol_l	Clinical.chemistry.parameters.HDL.Chol...mmol.l.	-0.114935064935065	0.621142204706423	0	-0.215705128205128	0.0142500844725797	1	-0.0570627035499131	0.0336047350300743	E	E	E
Auditory.startle.reflex.reactivity.and.PPI...P1.PP85	MX2	clinics	-80.0219047619048	0.625008896275534	0	-157.142788461538	0.0323374125512688	1	-80.0219047619048			0	Auditory startle reflex reactivity and PPI - P1:PP85	Auditory and PPI	startle_reflex_reactivity_and_PPI_P1_PP85	Auditory.startle.reflex.reactivity.and.PPI...P1.PP85	-80.0219047619048	0.625008896275534	0	-157.142788461538	0.0323374125512688	1	-0.0714340835597355	0.112522827422723	E	E	E
Open.field.test.Latency.center..s.	MX2	clinics	-7.21428571428572	0.625008896275534	0	5.45480769230769	0.451657946239263	0	-7.21428571428572			0	Open field test:Latency center (s)	Open field	field_test_Latency_center_s	Open.field.test.Latency.center..s.	-7.21428571428572	0.625008896275534	0	5.45480769230769	0.451657946239263	0	0.0304733604829208	0.053140835171689	E	E	E
Open.field.test...distance.in.the.Center.I3..cm.	MX2	clinics	3.49095238095238	0.625008896275534	0	-0.967307692307692	0.808766581373097	0	3.49095238095238			0	Open field test:% distance in the Center I3 (cm)	Open field	field_test_distance_in_the_Center_I3_cm	Open.field.test...distance.in.the.Center.I3..cm.	3.49095238095238	0.625008896275534	0	-0.967307692307692	0.808766581373097	0	-0.00847544912202158	-0.133462551612169	E	E	E
Test.de.Tolérance.au.Glucose..GTT..Body.weight..g.	MX2	clinics	0.69285714285714	0.625008896275534	0	-4.39583333333333	2.39462649817506e-07	1	0.69285714285714			0	Test de Tolérance au Glucose (GTT):Body weight (g)	Glucose tolerance test	de_Tolérance_au_Glucose_GTT_Body_weight_g	Test.de.Tolérance.au.Glucose..GTT..Body.weight..g.	0.69285714285714	0.625008896275534	0	-4.39583333333333	2.39462649817506e-07	1	-0.136589919907221	0.0120325396558916	E	E	E
Haematology...Complete.blood.count..CBC.on.the.Advia.120.HGB..g.dL.	MX2	clinics	-0.542657342657343	0.625008896275534	0	-0.565034965034965	0.297384684754611	0	-0.542657342657343			0	Haematology - Complete blood count (CBC)on the Advia 120:HGB (g/dL)	Haematology	Complete_blood_count_CBC_on_the_Advia_120_HGB_g_dL	Haematology...Complete.blood.count..CBC.on.the.Advia.120.HGB..g.dL.	-0.542657342657343	0.625008896275534	0	-0.565034965034965	0.297384684754611	0	-0.0250284397072718	-0.00337286536561281	E	E	E
Haematology...Complete.blood.count..CBC.on.the.Advia.120.HGB.brut..g.dL.	MX2	clinics	-0.271328671328671	0.625008896275534	0	-0.282517482517482	0.307448830101372	0	-0.271328671328671			0	Haematology - Complete blood count (CBC)on the Advia 120:HGB brut (g/dL)	Haematology	Complete_blood_count_CBC_on_the_Advia_120_HGB_brut_g_dL	Haematology...Complete.blood.count..CBC.on.the.Advia.120.HGB.brut..g.dL.	-0.271328671328671	0.625008896275534	0	-0.282517482517482	0.307448830101372	0	-0.0250284397072718	-0.00337286536561281	E	E	E
Dysmorphology.IMPC.Vibrissae...presence	MX2	clinics	-0.133333333333333	0.625008896275534	0	-0.0144230769230769	0.967649185517898	0	-0.133333333333333			0	Dysmorphology IMPC:Vibrissae - presence	Dysmorphology	IMPC_Vibrissae_presence	Dysmorphology.IMPC.Vibrissae...presence	-0.133333333333333	0.625008896275534	0	-0.0144230769230769	0.967649185517898	0	-0.00223819426183387	-0.0114767666992921	E	E	E
Auditory.startle.reflex.reactivity.and.PPI...P1.Body.weight..g.	MX2	clinics	0.603809523809524	0.625873377246316	0	-4.84038461538461	2.39462649817506e-07	1	0.603809523809524			0	Auditory startle reflex reactivity and PPI - P1:Body weight (g)	Auditory and PPI	startle_reflex_reactivity_and_PPI_P1_Body_weight_g	Auditory.startle.reflex.reactivity.and.PPI...P1.Body.weight..g.	0.603809523809524	0.625873377246316	0	-4.84038461538461	2.39462649817506e-07	1	-0.131125416816006	0.00852105979187101	E	E	E
Grip.test.Trial1..4paws...g.	MX2	clinics	15.2523809523809	0.685348378518802	0	-24.5865384615385	0.16018322251938	0	15.2523809523809			0	Grip test:Trial1 (4paws) (g)	Grip test	test_Trial1_4paws_g	Grip.test.Trial1..4paws...g.	15.2523809523809	0.685348378518802	0	-24.5865384615385	0.16018322251938	0	-0.0834462059267407	0.0534108783983553	E	E	E
ECG.in.anaesthetized.conditions.QT..ms.	MX2	clinics	2.35542857142858	0.685348378518802	0	-1.55451923076923	0.571933483335227	0	2.35542857142858			0	ECG in anaesthetized conditions:QT (ms)	ECG	in_anaesthetized_conditions_QT_ms	ECG.in.anaesthetized.conditions.QT..ms.	2.35542857142858	0.685348378518802	0	-1.55451923076923	0.571933483335227	0	-0.0294462974178688	-0.0239690603850806	E	E	E
Grip.test.Weight..g.	MX2	clinics	0.533333333333335	0.685348378518802	0	-5.12884615384615	1.41281323008211e-07	1	0.533333333333335			0	Grip test:Weight (g)	Grip test	test_Weight_g	Grip.test.Weight..g.	0.533333333333335	0.685348378518802	0	-5.12884615384615	1.41281323008211e-07	1	-0.130234368272625	0.000432705206259074	E	E	E
Modified.SHIRPA.Body.weight	MX2	clinics	0.533333333333335	0.685348378518802	0	-5.12884615384615	1.41281323008211e-07	1	0.533333333333335			0	Modified SHIRPA:Body weight	SHIRPA	SHIRPA_Body_weight	Modified.SHIRPA.Body.weight	0.533333333333335	0.685348378518802	0	-5.12884615384615	1.41281323008211e-07	1	-0.130234368272625	0.000432705206259074	E	E	E
Rotarod.test.Body.weight..g.	MX2	clinics	0.533333333333335	0.685348378518802	0	-5.12884615384615	1.41281323008211e-07	1	0.533333333333335			0	Rotarod test:Body weight (g)	Rotarod	test_Body_weight_g	Rotarod.test.Body.weight..g.	0.533333333333335	0.685348378518802	0	-5.12884615384615	1.41281323008211e-07	1	-0.130234368272625	0.000432705206259074	E	E	E
Grip.test.Trial.1..g.	MX2	clinics	-9.12857142857143	0.71008664093391	0	-18.7788461538462	0.0524973910995196	0	-9.12857142857143			0	Grip test:Trial 1 (g)	Grip test	test_Trial_1_g	Grip.test.Trial.1..g.	-9.12857142857143	0.71008664093391	0	-18.7788461538462	0.0524973910995196	0	-0.0715892667431013	0.120143395104496	E	E	E
Grip.test.Grip.mean..g.	MX2	clinics	-7.85642857142857	0.71008664093391	0	-20.305	0.0105483782046978	1	-7.85642857142857			0	Grip test:Grip mean (g)	Grip test	test_Grip_mean_g	Grip.test.Grip.mean..g.	-7.85642857142857	0.71008664093391	0	-20.305	0.0105483782046978	1	-0.0874000281350924	0.117001858296159	E	E	E
Echocardiography.using.the.Vevo.light.Body.mass..g.	MX2	clinics	0.561428571428571	0.71008664093391	0	-4.44711538461538	1.91902868204726e-06	1	0.561428571428571			0	Echocardiography using the Vevo light:Body mass (g)	Echocardiography	using_the_Vevo_light_Body_mass_g	Echocardiography.using.the.Vevo.light.Body.mass..g.	0.561428571428571	0.71008664093391	0	-4.44711538461538	1.91902868204726e-06	1	-0.130573128452408	0.00759320094954945	E	E	E
Ultrafocus...Densitométrie.osseuse.et.composition.corporelle.fat.weight..g.	MX2	clinics	0.204047619047619	0.71008664093391	0	-1.72086538461539	7.46074307749729e-07	1	0.204047619047619			0	Ultrafocus - Densitométrie osseuse et composition corporelle:fat weight (g)	Body composition	Densitométrie_osseuse_et_composition_corporelle_fat_weight_g	Ultrafocus...Densitométrie.osseuse.et.composition.corporelle.fat.weight..g.	0.204047619047619	0.71008664093391	0	-1.72086538461539	7.46074307749729e-07	1	-0.107076943156968	-0.048214099764861	E	E	E
Open.field.test.Number.of.Rearings.I1	MX2	clinics	4.57619047619048	0.744375414698596	0	-5.21634615384615	0.350847125776587	0	4.57619047619048			0	Open field test:Number of Rearings I1	Open field	field_test_Number_of_Rearings_I1	Open.field.test.Number.of.Rearings.I1	4.57619047619048	0.744375414698596	0	-5.21634615384615	0.350847125776587	0	-0.0367860331319332	-0.051183405878506	E	E	E
Pavlovian.fear.conditioning.freezing.total.context	MX2	clinics	-23.2857142857143	0.794944273340265	0	49.3365384615385	0.120406657898567	0	-23.2857142857143			0	Pavlovian fear conditioning:freezing total context	Pavlovian fear cond.	fear_conditioning_freezing_total_context	Pavlovian.fear.conditioning.freezing.total.context	-23.2857142857143	0.794944273340265	0	49.3365384615385	0.120406657898567	0	0.0793438986398527	0.0919407338773557	E	E	E
Pavlovian.fear.conditioning.Freezing.....total	MX2	clinics	-6.46695238095238	0.794944273340265	0	13.70375	0.120406657898567	0	-6.46695238095238			0	Pavlovian fear conditioning:Freezing (%) total	Pavlovian fear cond.	fear_conditioning_Freezing_total	Pavlovian.fear.conditioning.Freezing.....total	-6.46695238095238	0.794944273340265	0	13.70375	0.120406657898567	0	0.0793428495867288	0.0919353509997164	E	E	E
Open.field.test...distance.in.the.Center.I4..cm.	MX2	clinics	2.57238095238095	0.850325147896536	0	-0.806249999999999	0.842564218032323	0	2.57238095238095			0	Open field test:% distance in the Center I4 (cm)	Open field	field_test_distance_in_the_Center_I4_cm	Open.field.test...distance.in.the.Center.I4..cm.	2.57238095238095	0.850325147896536	0	-0.806249999999999	0.842564218032323	0	0.00314061743728799	-0.0962799493774565	E	E	E
Open.field.test.Dist.I1..cm.	MX2	clinics	128.561904761905	0.856214389624387	0	3.97403846153884	0.998774834218601	0	128.561904761905			0	Open field test:Dist I1 (cm)	Open field	field_test_Dist_I1_cm	Open.field.test.Dist.I1..cm.	128.561904761905	0.856214389624387	0	3.97403846153884	0.998774834218601	0	-0.0296416170510281	-0.0646313624736735	E	E	E
Open.field.test...Time.Spent.in.the.Center.I4..cm.	MX2	clinics	2.7047619047619	0.871821694000591	0	0.326442307692307	0.97328296863985	0	2.7047619047619			0	Open field test:% Time Spent in the Center I4 (cm)	Open field	field_test_Time_Spent_in_the_Center_I4_cm	Open.field.test...Time.Spent.in.the.Center.I4..cm.	2.7047619047619	0.871821694000591	0	0.326442307692307	0.97328296863985	0	0.00918658902996412	-0.105816379930537	E	E	E
Auditory.startle.reflex.reactivity.and.PPI...P1.ST110	MX2	clinics	82.9538095238095	0.876371079342731	0	-573.307692307692	0.000239186220818085	1	82.9538095238095			0	Auditory startle reflex reactivity and PPI - P1:ST110	Auditory and PPI	startle_reflex_reactivity_and_PPI_P1_ST110	Auditory.startle.reflex.reactivity.and.PPI...P1.ST110	82.9538095238095	0.876371079342731	0	-573.307692307692	0.000239186220818085	1	-0.112578441517828	0.0653853309352453	E	E	E
Clinical.chemistry.parameters.TG.mg.dl..mg.dl.	MX2	clinics	-13.8686363636364	0.876371079342731	0	-21.1095512820513	0.237850602362268	0	-13.8686363636364			0	Clinical chemistry parameters:TG mg/dl (mg/dl)	Clinical chemistry	chemistry_parameters_TG_mg_dl_mg_dl	Clinical.chemistry.parameters.TG.mg.dl..mg.dl.	-13.8686363636364	0.876371079342731	0	-21.1095512820513	0.237850602362268	0	-0.0538631620351351	-0.0473485716821592	E	E	E
Pavlovian.fear.conditioning.context.freezing.con.2	MX2	clinics	-7.80952380952381	0.876371079342731	0	16.9615384615385	0.171261736626275	0	-7.80952380952381			0	Pavlovian fear conditioning:context freezing con-2	Pavlovian fear cond.	fear_conditioning_context_freezing_con_2	Pavlovian.fear.conditioning.context.freezing.con.2	-7.80952380952381	0.876371079342731	0	16.9615384615385	0.171261736626275	0	0.0772464855218591	0.0846574708376647	E	E	E
Pavlovian.fear.conditioning.Freezing.....Con.2	MX2	clinics	-6.50747619047619	0.876371079342731	0	14.1332211538462	0.171261736626275	0	-6.50747619047619			0	Pavlovian fear conditioning:Freezing (%) Con-2	Pavlovian fear cond.	fear_conditioning_Freezing_Con_2	Pavlovian.fear.conditioning.Freezing.....Con.2	-6.50747619047619	0.876371079342731	0	14.1332211538462	0.171261736626275	0	0.0772422214204969	0.0846622138487323	E	E	E
Clinical.chemistry.parameters.TG..mmol.l.	MX2	clinics	-0.156688311688312	0.876371079342731	0	-0.238525641025641	0.249911711882394	0	-0.156688311688312			0	Clinical chemistry parameters:TG (mmol/l)	Clinical chemistry	chemistry_parameters_TG_mmol_l	Clinical.chemistry.parameters.TG..mmol.l.	-0.156688311688312	0.876371079342731	0	-0.238525641025641	0.249911711882394	0	-0.0538679669820645	-0.0473491571140996	E	E	E
Haematology...Complete.blood.count..CBC.on.the.Advia.120.MCH..pg.	MX2	clinics	0.142657342657342	0.876371079342731	0	0.159440559440558	0.416138688228347	0	0.142657342657342			0	Haematology - Complete blood count (CBC)on the Advia 120:MCH (pg)	Haematology	Complete_blood_count_CBC_on_the_Advia_120_MCH_pg	Haematology...Complete.blood.count..CBC.on.the.Advia.120.MCH..pg.	0.142657342657342	0.876371079342731	0	0.159440559440558	0.416138688228347	0	0.019256225616887	0.00866427793988887	E	E	E
Anapath...A2.heart	MX2	clinics	-0.0332380952380953	0.876371079342731	0	0.0212019230769231	0.700383077342576	0	-0.0332380952380953			0	Anapath:% A2 heart	Anapath	A2_heart	Anapath...A2.heart	-0.0332380952380953	0.876371079342731	0	0.0212019230769231	0.700383077342576	0	0.00774568111678525	0.103086233352417	E	E	E
ECG.in.anaesthetized.conditions.ST..ms.	MX2	clinics	1.68538095238095	0.881482448834562	0	-1.31245192307692	0.646083183776906	0	1.68538095238095			0	ECG in anaesthetized conditions:ST (ms)	ECG	in_anaesthetized_conditions_ST_ms	ECG.in.anaesthetized.conditions.ST..ms.	1.68538095238095	0.881482448834562	0	-1.31245192307692	0.646083183776906	0	-0.0294628381021144	-0.0320452625699369	E	E	E
Test.de.Tolérance.au.Glucose..GTT..Glucose.T0..mg.dl.	MX2	clinics	-4.21428571428571	0.913909103806414	0	2.83333333333333	0.716639056080973	0	-4.21428571428571			0	Test de Tolérance au Glucose (GTT):Glucose T0 (mg/dl)	Glucose tolerance test	de_Tolérance_au_Glucose_GTT_Glucose_T0_mg_dl	Test.de.Tolérance.au.Glucose..GTT..Glucose.T0..mg.dl.	-4.21428571428571	0.913909103806414	0	2.83333333333333	0.716639056080973	0	-0.00224137939193299	-0.000126685941240873	E	E	E
ECG.in.anaesthetized.conditions.PR..ms.	MX2	clinics	-0.980952380952381	0.913909103806414	0	2.24615384615385	0.18942372154293	0	-0.980952380952381			0	ECG in anaesthetized conditions:PR (ms)	ECG	in_anaesthetized_conditions_PR_ms	ECG.in.anaesthetized.conditions.PR..ms.	-0.980952380952381	0.913909103806414	0	2.24615384615385	0.18942372154293	0	0.0286575192365658	-0.0269719585603252	E	E	E
Ultrafocus...Densitométrie.osseuse.et.composition.corporelle.lean.percent....	MX2	clinics	-0.66990476190476	0.913909103806414	0	4.82307692307693	0.000457140737147011	1	-0.66990476190476			0	Ultrafocus - Densitométrie osseuse et composition corporelle:lean percent (%)	Body composition	Densitométrie_osseuse_et_composition_corporelle_lean_percent	Ultrafocus...Densitométrie.osseuse.et.composition.corporelle.lean.percent....	-0.66990476190476	0.913909103806414	0	4.82307692307693	0.000457140737147011	1	0.075706913226554	0.0637370518524712	E	E	E
Ultrafocus...Densitométrie.osseuse.et.composition.corporelle.fat.percent....	MX2	clinics	0.669190476190476	0.913909103806414	0	-4.82230769230769	0.000457140737147011	1	0.669190476190476			0	Ultrafocus - Densitométrie osseuse et composition corporelle:fat percent (%)	Body composition	Densitométrie_osseuse_et_composition_corporelle_fat_percent	Ultrafocus...Densitométrie.osseuse.et.composition.corporelle.fat.percent....	0.669190476190476	0.913909103806414	0	-4.82230769230769	0.000457140737147011	1	-0.0756815741016665	-0.0637715552791031	E	E	E
Test.de.Tolérance.au.Glucose..GTT..Glucose.T0..mmol.l.	MX2	clinics	-0.221428571428572	0.913909103806414	0	0.1625	0.700383077342576	0	-0.221428571428572			0	Test de Tolérance au Glucose (GTT):Glucose T0 (mmol/l)	Glucose tolerance test	de_Tolérance_au_Glucose_GTT_Glucose_T0_mmol_l	Test.de.Tolérance.au.Glucose..GTT..Glucose.T0..mmol.l.	-0.221428571428572	0.913909103806414	0	0.1625	0.700383077342576	0	-0.00194944959533777	0.000463707712740434	E	E	E
Clinical.chemistry.parameters.Non.HDL.Chol...mmol.l.	MX2	clinics	0.0551948051948052	0.913909103806414	0	0.0785256410256411	0.337063232911414	0	0.0551948051948052			0	Clinical chemistry parameters:Non HDL Chol. (mmol/l)	Clinical chemistry	chemistry_parameters_Non_HDL_Chol_mmol_l	Clinical.chemistry.parameters.Non.HDL.Chol...mmol.l.	0.0551948051948052	0.913909103806414	0	0.0785256410256411	0.337063232911414	0	0.0700448633169399	-0.0752458660588705	E	E	E
Test.de.Tolérance.au.Glucose..GTT..Glucose.auc.0.120...min.mg.dl.	MX2	clinics	-567	0.947358899292223	0	-4376.33333333333	0.00136434214153842	1	-567			0	Test de Tolérance au Glucose (GTT):Glucose auc(0-120) (min*mg/dl)	Glucose tolerance test	de_Tolérance_au_Glucose_GTT_Glucose_auc_0_120_min_mg_dl	Test.de.Tolérance.au.Glucose..GTT..Glucose.auc.0.120...min.mg.dl.	-567	0.947358899292223	0	-4376.33333333333	0.00136434214153842	1	-0.098280523785737	0.0282122404523161	E	E	E
Open.field.test.Dist.global..cm.	MX2	clinics	229.154285714285	0.947358899292223	0	-217.218269230771	0.734068435868859	0	229.154285714285			0	Open field test:Dist global (cm)	Open field	field_test_Dist_global_cm	Open.field.test.Dist.global..cm.	229.154285714285	0.947358899292223	0	-217.218269230771	0.734068435868859	0	-0.0375032243486708	-0.107827951843018	E	E	E
Open.field.test.Distance.whole.arena..cm.	MX2	clinics	229.154285714285	0.947358899292223	0	-217.218269230771	0.734068435868859	0	229.154285714285			0	Open field test:Distance whole arena (cm)	Open field	field_test_Distance_whole_arena_cm	Open.field.test.Distance.whole.arena..cm.	229.154285714285	0.947358899292223	0	-217.218269230771	0.734068435868859	0	-0.0375032243486708	-0.107827951843018	E	E	E
Open.field.test.Distance.center..cm.	MX2	clinics	76.6557142857143	0.947358899292223	0	-232.359615384615	0.257510572614902	0	76.6557142857143			0	Open field test:Distance center (cm)	Open field	field_test_Distance_center_cm	Open.field.test.Distance.center..cm.	76.6557142857143	0.947358899292223	0	-232.359615384615	0.257510572614902	0	-0.042008571980527	-0.155147034428844	E	E	E
Open.field.test.Dist.I4..cm.	MX2	clinics	75.0704761904763	0.947358899292223	0	50.9115384615386	0.843024714596136	0	75.0704761904763			0	Open field test:Dist I4 (cm)	Open field	field_test_Dist_I4_cm	Open.field.test.Dist.I4..cm.	75.0704761904763	0.947358899292223	0	50.9115384615386	0.843024714596136	0	-0.0112546390547574	-0.086379015672056	E	E	E
Test.de.Tolérance.au.Glucose..GTT..Glucose.auc.0.120...min.mmol.l.	MX2	clinics	-31	0.947358899292223	0	-240.833333333333	0.00136434214153842	1	-31			0	Test de Tolérance au Glucose (GTT):Glucose auc(0-120) (min*mmol/l)	Glucose tolerance test	de_Tolérance_au_Glucose_GTT_Glucose_auc_0_120_min_mmol_l	Test.de.Tolérance.au.Glucose..GTT..Glucose.auc.0.120...min.mmol.l.	-31	0.947358899292223	0	-240.833333333333	0.00136434214153842	1	-0.0982717922101983	0.0281851509322604	E	E	E
Auditory.startle.reflex.reactivity.and.PPI...P1.P90	MX2	clinics	-19.0719047619048	0.947358899292223	0	-18.7355769230769	0.646083183776906	0	-19.0719047619048			0	Auditory startle reflex reactivity and PPI - P1:P90	Auditory and PPI	startle_reflex_reactivity_and_PPI_P1_P90	Auditory.startle.reflex.reactivity.and.PPI...P1.P90	-19.0719047619048	0.947358899292223	0	-18.7355769230769	0.646083183776906	0	-0.0144463568353202	0.00360486643368261	E	E	E
Open.field.test.Resting.Time.periphery..s.	MX2	clinics	-13.0923809523809	0.947358899292223	0	42.2759615384616	0.239565294512522	0	-13.0923809523809			0	Open field test:Resting Time periphery (s)	Open field	field_test_Resting_Time_periphery_s	Open.field.test.Resting.Time.periphery..s.	-13.0923809523809	0.947358899292223	0	42.2759615384616	0.239565294512522	0	0.0589041320003869	0.109777690757682	E	E	E
Open.field.test.Resting.Time.whole.arena..s.	MX2	clinics	-11.4057142857143	0.947358899292223	0	43.4413461538462	0.22762462587982	0	-11.4057142857143			0	Open field test:Resting Time whole arena (s)	Open field	field_test_Resting_Time_whole_arena_s	Open.field.test.Resting.Time.whole.arena..s.	-11.4057142857143	0.947358899292223	0	43.4413461538462	0.22762462587982	0	0.0602396115287497	0.100897248157577	E	E	E
Rotarod.test.Mean.latency	MX2	clinics	-10.7360952380952	0.947358899292223	0	36.1401923076923	0.121579509483685	0	-10.7360952380952			0	Rotarod test:Mean latency	Rotarod	test_Mean_latency	Rotarod.test.Mean.latency	-10.7360952380952	0.947358899292223	0	36.1401923076923	0.121579509483685	0	0.0366623947987546	-0.00638172069265059	E	E	E
Auditory.startle.reflex.reactivity.and.PPI...P1.P85	MX2	clinics	-9.51809523809524	0.947358899292223	0	-2.84807692307692	0.938080059185184	0	-9.51809523809524			0	Auditory startle reflex reactivity and PPI - P1:P85	Auditory and PPI	startle_reflex_reactivity_and_PPI_P1_P85	Auditory.startle.reflex.reactivity.and.PPI...P1.P85	-9.51809523809524	0.947358899292223	0	-2.84807692307692	0.938080059185184	0	-0.000352484837689837	-0.0580903346872617	E	E	E
Open.field.test.Number.of.Rearings.global	MX2	clinics	7.45238095238093	0.947358899292223	0	-47.1105769230769	0.0100088926300385	1	7.45238095238093			0	Open field test:Number of Rearings global	Open field	field_test_Number_of_Rearings_global	Open.field.test.Number.of.Rearings.global	7.45238095238093	0.947358899292223	0	-47.1105769230769	0.0100088926300385	1	-0.0884800323512485	-0.0651765904742788	E	E	E
Anapath.A2.heart..mg...mg.	MX2	clinics	-6.84285714285713	0.947358899292223	0	-23.3317307692308	0.0202231872596742	1	-6.84285714285713			0	Anapath:A2 heart (mg) (mg)	Anapath	A2_heart_mg_mg	Anapath.A2.heart..mg...mg.	-6.84285714285713	0.947358899292223	0	-23.3317307692308	0.0202231872596742	1	-0.0938849730688155	0.0775560959825592	E	E	E
Grip.test.Trial.2..g.	MX2	clinics	-5.46190476190476	0.947358899292223	0	-19.8461538461538	0.0167093357032537	1	-5.46190476190476			0	Grip test:Trial 2 (g)	Grip test	test_Trial_2_g	Grip.test.Trial.2..g.	-5.46190476190476	0.947358899292223	0	-19.8461538461538	0.0167093357032537	1	-0.0916251314856556	0.113853043440892	E	E	E
Open.field.test.NEntries.center	MX2	clinics	4.8952380952381	0.947358899292223	0	-1.30288461538461	0.922580479517124	0	4.8952380952381			0	Open field test:NEntries center	Open field	field_test_NEntries_center	Open.field.test.NEntries.center	4.8952380952381	0.947358899292223	0	-1.30288461538461	0.922580479517124	0	-0.0124050811391847	-0.129331880405704	E	E	E
Auditory.startle.reflex.reactivity.and.PPI...P1...PP75	MX2	clinics	4.82047619047619	0.947358899292223	0	1.41365384615385	0.922580479517124	0	4.82047619047619			0	Auditory startle reflex reactivity and PPI - P1:% PP75	Auditory and PPI	startle_reflex_reactivity_and_PPI_P1_PP75	Auditory.startle.reflex.reactivity.and.PPI...P1...PP75	4.82047619047619	0.947358899292223	0	1.41365384615385	0.922580479517124	0	0.00495609293158744	-0.112652167873613	E	E	E
Pavlovian.fear.conditioning.Freezing.conditioning.post.us1	MX2	clinics	-3.96190476190476	0.947358899292223	0	18.4134615384615	0.123728391553371	0	-3.96190476190476			0	Pavlovian fear conditioning:Freezing conditioning post-us1	Pavlovian fear cond.	fear_conditioning_Freezing_conditioning_post_us1	Pavlovian.fear.conditioning.Freezing.conditioning.post.us1	-3.96190476190476	0.947358899292223	0	18.4134615384615	0.123728391553371	0	0.0593717057498415	0.106679188747373	E	E	E
Echocardiography.using.the.Vevo.light.LV.Mass.AW..mg.	MX2	clinics	3.76214285714285	0.947358899292223	0	-23.968125	0.0108466878926011	1	3.76214285714285			0	Echocardiography using the Vevo light:LV Mass AW (mg)	Echocardiography	using_the_Vevo_light_LV_Mass_AW_mg	Echocardiography.using.the.Vevo.light.LV.Mass.AW..mg.	3.76214285714285	0.947358899292223	0	-23.968125	0.0108466878926011	1	-0.102515489807942	-0.000150058922476116	E	E	E
Clinical.chemistry.parameters.ALP..U.l.	MX2	clinics	-3.05494505494507	0.947358899292223	0	42.1833333333333	3.5377999016787e-06	1	-3.05494505494507			0	Clinical chemistry parameters:ALP (U/l)	Clinical chemistry	chemistry_parameters_ALP_U_l	Clinical.chemistry.parameters.ALP..U.l.	-3.05494505494507	0.947358899292223	0	42.1833333333333	3.5377999016787e-06	1	0.108472532360834	0.022430288531654	E	E	E
Echocardiography.using.the.Vevo.light.LV.Mass.AW..Corrected...mg.	MX2	clinics	3.00723809523811	0.947358899292223	0	-19.1748076923077	0.0108466878926011	1	3.00723809523811			0	Echocardiography using the Vevo light:LV Mass AW (Corrected) (mg)	Echocardiography	using_the_Vevo_light_LV_Mass_AW_Corrected_mg	Echocardiography.using.the.Vevo.light.LV.Mass.AW..Corrected...mg.	3.00723809523811	0.947358899292223	0	-19.1748076923077	0.0108466878926011	1	-0.102520814226886	-0.000151108127350042	E	E	E
Echocardiography.using.the.Vevo.light.LV.Vol_s..uL.	MX2	clinics	-1.78223809523809	0.947358899292223	0	-6.89759615384615	0.0716453483223715	0	-1.78223809523809			0	Echocardiography using the Vevo light:LV Vol_s (uL)	Echocardiography	using_the_Vevo_light_LV_Vol_s_uL	Echocardiography.using.the.Vevo.light.LV.Vol_s..uL.	-1.78223809523809	0.947358899292223	0	-6.89759615384615	0.0716453483223715	0	-0.0972459609778308	0.0140562970201035	E	E	E
Open.field.test...Time.Spent.in.the.Center.I3..cm.	MX2	clinics	1.55857142857143	0.947358899292223	0	-2.69903846153846	0.358039450779486	0	1.55857142857143			0	Open field test:% Time Spent in the Center I3 (cm)	Open field	field_test_Time_Spent_in_the_Center_I3_cm	Open.field.test...Time.Spent.in.the.Center.I3..cm.	1.55857142857143	0.947358899292223	0	-2.69903846153846	0.358039450779486	0	-0.0261848296964463	-0.146564096467463	E	E	E
Haematology...Complete.blood.count..CBC.on.the.Advia.120..LYMPHO....	MX2	clinics	-1.54475524475525	0.947358899292223	0	-2.41608391608392	0.372879383236083	0	-1.54475524475525			0	Haematology - Complete blood count (CBC)on the Advia 120:%LYMPHO (%)	Haematology	Complete_blood_count_CBC_on_the_Advia_120_LYMPHO	Haematology...Complete.blood.count..CBC.on.the.Advia.120..LYMPHO....	-1.54475524475525	0.947358899292223	0	-2.41608391608392	0.372879383236083	0	-0.0167167367781721	-0.0768545598749475	E	E	E
ECG.in.anaesthetized.conditions.Pdur..ms.	MX2	clinics	0.463809523809523	0.947358899292223	0	-0.400961538461537	0.783493675702091	0	0.463809523809523			0	ECG in anaesthetized conditions:Pdur (ms)	ECG	in_anaesthetized_conditions_Pdur_ms	ECG.in.anaesthetized.conditions.Pdur..ms.	0.463809523809523	0.947358899292223	0	-0.400961538461537	0.783493675702091	0	-0.0124156514361822	-0.0557592112823765	E	E	E
Grip.test.Grip.mean.ratio.4paws...g.g.	MX2	clinics	0.371095238095238	0.947358899292223	0	1.06634615384615	0.111985326375694	0	0.371095238095238			0	Grip test:Grip mean ratio(4paws) (g/g)	Grip test	test_Grip_mean_ratio_4paws_g_g	Grip.test.Grip.mean.ratio.4paws...g.g.	0.371095238095238	0.947358899292223	0	1.06634615384615	0.111985326375694	0	0.0232248890029471	0.0529058525824168	E	E	E
Haematology...Complete.blood.count..CBC.on.the.Advia.120.MCHC..g.dL.	MX2	clinics	0.224475524475523	0.947358899292223	0	0.17832167832168	0.734068435868859	0	0.224475524475523			0	Haematology - Complete blood count (CBC)on the Advia 120:MCHC (g/dL)	Haematology	Complete_blood_count_CBC_on_the_Advia_120_MCHC_g_dL	Haematology...Complete.blood.count..CBC.on.the.Advia.120.MCHC..g.dL.	0.224475524475523	0.947358899292223	0	0.17832167832168	0.734068435868859	0	0.0430046593909418	-0.045200748295392	E	E	E
Ultrafocus...Densitométrie.osseuse.et.composition.corporelle.sample.area..cm2.	MX2	clinics	0.143809523809523	0.947358899292223	0	-2.49485576923077	3.53431913288665e-06	1	0.143809523809523			0	Ultrafocus - Densitométrie osseuse et composition corporelle:sample area (cm2)	Body composition	Densitométrie_osseuse_et_composition_corporelle_sample_area_cm2	Ultrafocus...Densitométrie.osseuse.et.composition.corporelle.sample.area..cm2.	0.143809523809523	0.947358899292223	0	-2.49485576923077	3.53431913288665e-06	1	-0.131567495425931	-0.00586351585759188	E	E	E
Haematology...Complete.blood.count..CBC.on.the.Advia.120.CHCM..g.dL.	MX2	clinics	0.134265734265735	0.947358899292223	0	-0.0503496503496486	0.8697898644777	0	0.134265734265735			0	Haematology - Complete blood count (CBC)on the Advia 120:CHCM (g/dL)	Haematology	Complete_blood_count_CBC_on_the_Advia_120_CHCM_g_dL	Haematology...Complete.blood.count..CBC.on.the.Advia.120.CHCM..g.dL.	0.134265734265735	0.947358899292223	0	-0.0503496503496486	0.8697898644777	0	0.0221177863540627	-0.0488376766797675	E	E	E
Ultrafocus...Densitométrie.osseuse.et.composition.corporelle.soft.weight..g.	MX2	clinics	0.133761904761904	0.947358899292223	0	-4.47629807692308	5.30623005379433e-07	1	0.133761904761904			0	Ultrafocus - Densitométrie osseuse et composition corporelle:soft weight (g)	Body composition	Densitométrie_osseuse_et_composition_corporelle_soft_weight_g	Ultrafocus...Densitométrie.osseuse.et.composition.corporelle.soft.weight..g.	0.133761904761904	0.947358899292223	0	-4.47629807692308	5.30623005379433e-07	1	-0.13473246542621	0.0172981405085257	E	E	E
Ultrafocus...Densitométrie.osseuse.et.composition.corporelle.total.weight..g.	MX2	clinics	0.133190476190475	0.947358899292223	0	-4.49548076923077	6.35665262986083e-07	1	0.133190476190475			0	Ultrafocus - Densitométrie osseuse et composition corporelle:total weight (g)	Body composition	Densitométrie_osseuse_et_composition_corporelle_total_weight_g	Ultrafocus...Densitométrie.osseuse.et.composition.corporelle.total.weight..g.	0.133190476190475	0.947358899292223	0	-4.49548076923077	6.35665262986083e-07	1	-0.134730217281718	0.0177197895398191	E	E	E
Ultrafocus...Densitométrie.osseuse.et.composition.corporelle.body.weight..g.	MX2	clinics	0.125714285714285	0.947358899292223	0	-4.42403846153846	2.39462649817506e-07	1	0.125714285714285			0	Ultrafocus - Densitométrie osseuse et composition corporelle:body weight (g)	Body composition	Densitométrie_osseuse_et_composition_corporelle_body_weight_g	Ultrafocus...Densitométrie.osseuse.et.composition.corporelle.body.weight..g.	0.125714285714285	0.947358899292223	0	-4.42403846153846	2.39462649817506e-07	1	-0.134452093848144	0.0128755851545257	E	E	E
Open.field.test.av..speed.whole.arena..cm.s.	MX2	clinics	0.124714285714285	0.947358899292223	0	0.216201923076923	0.534984608294392	0	0.124714285714285			0	Open field test:av. speed whole arena (cm/s)	Open field	field_test_av_speed_whole_arena_cm_s	Open.field.test.av..speed.whole.arena..cm.s.	0.124714285714285	0.947358899292223	0	0.216201923076923	0.534984608294392	0	0.00145674801773969	-0.0914443830925072	E	E	E
Gross.Pathology.Body.Weight..g.	MX2	clinics	0.12052380952381	0.947358899292223	0	-4.67182692307692	2.39462649817506e-07	1	0.12052380952381			0	Gross Pathology:Body Weight (g)	Gross	Pathology_Body_Weight_g	Gross.Pathology.Body.Weight..g.	0.12052380952381	0.947358899292223	0	-4.67182692307692	2.39462649817506e-07	1	-0.13488294450208	0.0146715880298806	E	E	E
Anapath.body.weight..g.	MX2	clinics	0.120414285714286	0.947358899292223	0	-4.67233173076923	2.39462649817506e-07	1	0.120414285714286			0	Anapath:body weight (g)	Anapath	body_weight_g	Anapath.body.weight..g.	0.120414285714286	0.947358899292223	0	-4.67233173076923	2.39462649817506e-07	1	-0.134879553097942	0.0147395629498784	E	E	E
Echocardiography.using.the.Vevo.light.LVID_s..mm.	MX2	clinics	-0.0752380952380949	0.947358899292223	0	-0.233605769230769	0.0913761412766292	0	-0.0752380952380949			0	Echocardiography using the Vevo light:LVID_s (mm)	Echocardiography	using_the_Vevo_light_LVID_s_mm	Echocardiography.using.the.Vevo.light.LVID_s..mm.	-0.0752380952380949	0.947358899292223	0	-0.233605769230769	0.0913761412766292	0	-0.096256931202563	0.0146303742304528	E	E	E
Echocardiography.using.the.Vevo.light.LVAW_s..mm.	MX2	clinics	0.0351904761904762	0.947358899292223	0	-0.0703365384615384	0.337063232911414	0	0.0351904761904762			0	Echocardiography using the Vevo light:LVAW_s (mm)	Echocardiography	using_the_Vevo_light_LVAW_s_mm	Echocardiography.using.the.Vevo.light.LVAW_s..mm.	0.0351904761904762	0.947358899292223	0	-0.0703365384615384	0.337063232911414	0	-0.0437692902103735	-0.0512951890142116	E	E	E
Haematology...Complete.blood.count..CBC.on.the.Advia.120.MONO..x10E03.cells.µL.	MX2	clinics	-0.0341258741258741	0.947358899292223	0	-0.0565034965034965	0.455927041668207	0	-0.0341258741258741			0	Haematology - Complete blood count (CBC)on the Advia 120:MONO (x10E03 cells/µL)	Haematology	Complete_blood_count_CBC_on_the_Advia_120_MONO_x10E03_cells_µL	Haematology...Complete.blood.count..CBC.on.the.Advia.120.MONO..x10E03.cells.µL.	-0.0341258741258741	0.947358899292223	0	-0.0565034965034965	0.455927041668207	0	-0.0697597330866825	0.0927405863371904	E	E	E
Haematology...Complete.blood.count..CBC.on.the.Advia.120.CHDW..g.dL.	MX2	clinics	0.0241958041958041	0.947358899292223	0	0.00937062937062949	0.955680467531101	0	0.0241958041958041			0	Haematology - Complete blood count (CBC)on the Advia 120:CHDW (g/dL)	Haematology	Complete_blood_count_CBC_on_the_Advia_120_CHDW_g_dL	Haematology...Complete.blood.count..CBC.on.the.Advia.120.CHDW..g.dL.	0.0241958041958041	0.947358899292223	0	0.00937062937062949	0.955680467531101	0	0.0216801841775525	0.0355507921807242	E	E	E
ECG.in.anaesthetized.conditions.STE..mv.	MX2	clinics	0.0233333333333333	0.947358899292223	0	-0.00235576923076923	0.967307064923204	0	0.0233333333333333			0	ECG in anaesthetized conditions:STE (mv)	ECG	in_anaesthetized_conditions_STE_mv	ECG.in.anaesthetized.conditions.STE..mv.	0.0233333333333333	0.947358899292223	0	-0.00235576923076923	0.967307064923204	0	-0.0180698946886302	-0.0628910772477156	E	E	E
Echocardiography.using.the.Vevo.light.LVPW_s..mm.	MX2	clinics	0.0203809523809524	0.947358899292223	0	-0.0561538461538461	0.337063232911414	0	0.0203809523809524			0	Echocardiography using the Vevo light:LVPW_s (mm)	Echocardiography	using_the_Vevo_light_LVPW_s_mm	Echocardiography.using.the.Vevo.light.LVPW_s..mm.	0.0203809523809524	0.947358899292223	0	-0.0561538461538461	0.337063232911414	0	-0.0402760186157447	-0.0289084821398238	E	E	E
Echocardiography.using.the.Vevo.light.LVAW_d..mm.	MX2	clinics	0.0178571428571429	0.947358899292223	0	-0.0777884615384615	0.167026140345602	0	0.0178571428571429			0	Echocardiography using the Vevo light:LVAW_d (mm)	Echocardiography	using_the_Vevo_light_LVAW_d_mm	Echocardiography.using.the.Vevo.light.LVAW_d..mm.	0.0178571428571429	0.947358899292223	0	-0.0777884615384615	0.167026140345602	0	-0.0617285556658852	-0.0147901753532885	E	E	E
Echocardiography.using.the.Vevo.light.LVPW_d..mm.	MX2	clinics	0.0178571428571428	0.947358899292223	0	-0.0499038461538461	0.337063232911414	0	0.0178571428571428			0	Echocardiography using the Vevo light:LVPW_d (mm)	Echocardiography	using_the_Vevo_light_LVPW_d_mm	Echocardiography.using.the.Vevo.light.LVPW_d..mm.	0.0178571428571428	0.947358899292223	0	-0.0499038461538461	0.337063232911414	0	-0.0518566989161787	-0.00466153273680811	E	E	E
Shock.threshold.test.Vocalization	MX2	clinics	0.0177619047619048	0.947358899292223	0	-0.0273076923076923	0.6191921387025	0	0.0177619047619048			0	Shock threshold test:Vocalization	Shock threshold	threshold_test_Vocalization	Shock.threshold.test.Vocalization	0.0177619047619048	0.947358899292223	0	-0.0273076923076923	0.6191921387025	0	-0.0202052921581912	0.041785910714287	E	E	E
Auditory.startle.reflex.reactivity.and.PPI...P1.P75	MX2	clinics	3.00476190476191	0.952565244485835	0	5.21778846153846	0.55952630476958	0	3.00476190476191			0	Auditory startle reflex reactivity and PPI - P1:P75	Auditory and PPI	startle_reflex_reactivity_and_PPI_P1_P75	Auditory.startle.reflex.reactivity.and.PPI...P1.P75	3.00476190476191	0.952565244485835	0	5.21778846153846	0.55952630476958	0	0.0238885623430378	-0.0985189082284694	E	E	E
Haematology...Complete.blood.count..CBC.on.the.Advia.120..BASO....	MX2	clinics	0.027972027972028	0.952565244485835	0	0.00559440559440558	0.998774834218601	0	0.027972027972028			0	Haematology - Complete blood count (CBC)on the Advia 120:%BASO (%)	Haematology	Complete_blood_count_CBC_on_the_Advia_120_BASO	Haematology...Complete.blood.count..CBC.on.the.Advia.120..BASO....	0.027972027972028	0.952565244485835	0	0.00559440559440558	0.998774834218601	0	-0.0141616825562645	-0.0175308855097209	E	E	E
Pavlovian.fear.conditioning.Freezing.Pre.cue.1	MX2	clinics	-2.27619047619048	0.97231700739273	0	0.759615384615385	0.935130297713352	0	-2.27619047619048			0	Pavlovian fear conditioning:Freezing Pre-cue 1	Pavlovian fear cond.	fear_conditioning_Freezing_Pre_cue_1	Pavlovian.fear.conditioning.Freezing.Pre.cue.1	-2.27619047619048	0.97231700739273	0	0.759615384615385	0.935130297713352	0	0.0399126249212951	0.0497512317573411	E	E	E
Haematology...Complete.blood.count..CBC.on.the.Advia.120..MONO....	MX2	clinics	-0.263636363636363	0.97231700739273	0	-0.223076923076923	0.842564218032323	0	-0.263636363636363			0	Haematology - Complete blood count (CBC)on the Advia 120:%MONO (%)	Haematology	Complete_blood_count_CBC_on_the_Advia_120_MONO	Haematology...Complete.blood.count..CBC.on.the.Advia.120..MONO....	-0.263636363636363	0.97231700739273	0	-0.223076923076923	0.842564218032323	0	-0.0397163562356689	0.0941205832444852	E	E	E
Open.field.test.Distance.periphery..cm.	MX2	clinics	152.513333333333	0.975810342445095	0	15.1524038461539	0.99782720857099	0	152.513333333333			0	Open field test:Distance periphery (cm)	Open field	field_test_Distance_periphery_cm	Open.field.test.Distance.periphery..cm.	152.513333333333	0.975810342445095	0	15.1524038461539	0.99782720857099	0	-0.0263779329921141	-0.060209160817935	E	E	E
Test.de.Tolérance.au.Glucose..GTT..Glucose.T30..mg.dl.	MX2	clinics	-7.78571428571428	0.975810342445095	0	-38.5625	0.120406657898567	0	-7.78571428571428			0	Test de Tolérance au Glucose (GTT):Glucose T30 (mg/dl)	Glucose tolerance test	de_Tolérance_au_Glucose_GTT_Glucose_T30_mg_dl	Test.de.Tolérance.au.Glucose..GTT..Glucose.T30..mg.dl.	-7.78571428571428	0.975810342445095	0	-38.5625	0.120406657898567	0	-0.0600619574712248	0.0258940454767579	E	E	E
Test.de.Tolérance.au.Glucose..GTT..Glucose.T30..mmol.l.	MX2	clinics	-0.421428571428571	0.976676794654101	0	-2.1	0.120406657898567	0	-0.421428571428571			0	Test de Tolérance au Glucose (GTT):Glucose T30 (mmol/l)	Glucose tolerance test	de_Tolérance_au_Glucose_GTT_Glucose_T30_mmol_l	Test.de.Tolérance.au.Glucose..GTT..Glucose.T30..mmol.l.	-0.421428571428571	0.976676794654101	0	-2.1	0.120406657898567	0	-0.0595676602595344	0.0264868679557154	E	E	E
Test.de.Tolérance.au.Glucose..GTT..Glucose.auc.positive..0.120...min.mg.dl.	MX2	clinics	232.285714285716	0.980278276953432	0	-5797.58333333333	0.000123898708771184	1	232.285714285716			0	Test de Tolérance au Glucose (GTT):Glucose auc positive (0-120) (min*mg/dl)	Glucose tolerance test	de_Tolérance_au_Glucose_GTT_Glucose_auc_positive_0_120_min_mg_dl	Test.de.Tolérance.au.Glucose..GTT..Glucose.auc.positive..0.120...min.mg.dl.	232.285714285716	0.980278276953432	0	-5797.58333333333	0.000123898708771184	1	-0.108610323508475	0.019044125410473	E	E	E
Auditory.startle.reflex.reactivity.and.PPI...P1.PP70	MX2	clinics	31.0119047619048	0.980278276953432	0	-432.923557692308	0.0057135688237975	1	31.0119047619048			0	Auditory startle reflex reactivity and PPI - P1:PP70	Auditory and PPI	startle_reflex_reactivity_and_PPI_P1_PP70	Auditory.startle.reflex.reactivity.and.PPI...P1.PP70	31.0119047619048	0.980278276953432	0	-432.923557692308	0.0057135688237975	1	-0.0993687975314024	0.0982297368282447	E	E	E
Open.field.test.Dist.I3..cm.	MX2	clinics	29.3847619047617	0.980278276953432	0	-132.54375	0.443940100362693	0	29.3847619047617			0	Open field test:Dist I3 (cm)	Open field	field_test_Dist_I3_cm	Open.field.test.Dist.I3..cm.	29.3847619047617	0.980278276953432	0	-132.54375	0.443940100362693	0	-0.0355574168187147	-0.117633686531111	E	E	E
Auditory.startle.reflex.reactivity.and.PPI...P1.PP75	MX2	clinics	-21.3023809523809	0.980278276953432	0	-248.901442307692	0.0248357786528481	1	-21.3023809523809			0	Auditory startle reflex reactivity and PPI - P1:PP75	Auditory and PPI	startle_reflex_reactivity_and_PPI_P1_PP75	Auditory.startle.reflex.reactivity.and.PPI...P1.PP75	-21.3023809523809	0.980278276953432	0	-248.901442307692	0.0248357786528481	1	-0.0814431014944362	0.111449706566459	E	E	E
Test.de.Tolérance.au.Glucose..GTT..Glucose.auc.positive..0.120...min.mmol.l.	MX2	clinics	12.8571428571429	0.980278276953432	0	-319.0625	0.000123898708771184	1	12.8571428571429			0	Test de Tolérance au Glucose (GTT):Glucose auc positive (0-120) (min*mmol/l)	Glucose tolerance test	de_Tolérance_au_Glucose_GTT_Glucose_auc_positive_0_120_min_mmol_l	Test.de.Tolérance.au.Glucose..GTT..Glucose.auc.positive..0.120...min.mmol.l.	12.8571428571429	0.980278276953432	0	-319.0625	0.000123898708771184	1	-0.108598270138446	0.0189810482100667	E	E	E
Rotarod.test.Trial.2..s.	MX2	clinics	-5.93333333333334	0.980278276953432	0	37.2115384615385	0.17766321436848	0	-5.93333333333334			0	Rotarod test:Trial 2 (s)	Rotarod	test_Trial_2_s	Rotarod.test.Trial.2..s.	-5.93333333333334	0.980278276953432	0	37.2115384615385	0.17766321436848	0	0.0304913076828288	-0.00932643802989728	E	E	E
Test.de.Tolérance.au.Glucose..GTT..Glucose.T15..mg.dl.	MX2	clinics	-5.78571428571428	0.980278276953432	0	-2.54166666666669	0.937424290373333	0	-5.78571428571428			0	Test de Tolérance au Glucose (GTT):Glucose T15 (mg/dl)	Glucose tolerance test	de_Tolérance_au_Glucose_GTT_Glucose_T15_mg_dl	Test.de.Tolérance.au.Glucose..GTT..Glucose.T15..mg.dl.	-5.78571428571428	0.980278276953432	0	-2.54166666666669	0.937424290373333	0	-0.00717396593416664	0.0108845097004117	E	E	E
Pavlovian.fear.conditioning.Freezing.Cue.1	MX2	clinics	4.52380952380952	0.980278276953432	0	39.5576923076923	0.00138647934015147	1	4.52380952380952			0	Pavlovian fear conditioning:Freezing Cue 1	Pavlovian fear cond.	fear_conditioning_Freezing_Cue_1	Pavlovian.fear.conditioning.Freezing.Cue.1	4.52380952380952	0.980278276953432	0	39.5576923076923	0.00138647934015147	1	0.097050011426695	0.10493688086609	E	E	E
Pavlovian.fear.conditioning.Freezing.....Cue.1	MX2	clinics	3.77028571428571	0.980278276953432	0	32.9643269230769	0.00138647934015147	1	3.77028571428571			0	Pavlovian fear conditioning:Freezing (%) Cue-1	Pavlovian fear cond.	fear_conditioning_Freezing_Cue_1	Pavlovian.fear.conditioning.Freezing.....Cue.1	3.77028571428571	0.980278276953432	0	32.9643269230769	0.00138647934015147	1	0.0970513138639976	0.10493577454919	E	E	E
ECG.in.anaesthetized.conditions.RR..ms.	MX2	clinics	-2.86023809523809	0.980278276953432	0	-16.6685576923077	0.0258868334413602	1	-2.86023809523809			0	ECG in anaesthetized conditions:RR (ms)	ECG	in_anaesthetized_conditions_RR_ms	ECG.in.anaesthetized.conditions.RR..ms.	-2.86023809523809	0.980278276953432	0	-16.6685576923077	0.0258868334413602	1	-0.0446438594437902	-0.0693599361597567	E	E	E
Pavlovian.fear.conditioning.context.freezing.con.3	MX2	clinics	2.39047619047619	0.980278276953432	0	31.2403846153846	0.00789357559509167	1	2.39047619047619			0	Pavlovian fear conditioning:context freezing con-3	Pavlovian fear cond.	fear_conditioning_context_freezing_con_3	Pavlovian.fear.conditioning.context.freezing.con.3	2.39047619047619	0.980278276953432	0	31.2403846153846	0.00789357559509167	1	0.0956713164016408	0.0437626297372321	E	E	E
Auditory.startle.reflex.reactivity.and.PPI...P1...PP70	MX2	clinics	2.34571428571429	0.980278276953432	0	6.53913461538461	0.556855876234621	0	2.34571428571429			0	Auditory startle reflex reactivity and PPI - P1:% PP70	Auditory and PPI	startle_reflex_reactivity_and_PPI_P1_PP70	Auditory.startle.reflex.reactivity.and.PPI...P1...PP70	2.34571428571429	0.980278276953432	0	6.53913461538461	0.556855876234621	0	0.0350142256980086	-0.100571404995873	E	E	E
Open.field.test.Number.of.Rearings.I3	MX2	clinics	-2.14761904761905	0.980278276953432	0	-15.6634615384615	0.00858509156073002	1	-2.14761904761905			0	Open field test:Number of Rearings I3	Open field	field_test_Number_of_Rearings_I3	Open.field.test.Number.of.Rearings.I3	-2.14761904761905	0.980278276953432	0	-15.6634615384615	0.00858509156073002	1	-0.0890593397715654	-0.060752229147405	E	E	E
Pavlovian.fear.conditioning.Freezing.....Con.3	MX2	clinics	1.99347619047619	0.980278276953432	0	26.0335576923077	0.00789357559509167	1	1.99347619047619			0	Pavlovian fear conditioning:Freezing (%) Con-3	Pavlovian fear cond.	fear_conditioning_Freezing_Con_3	Pavlovian.fear.conditioning.Freezing.....Con.3	1.99347619047619	0.980278276953432	0	26.0335576923077	0.00789357559509167	1	0.0956687633805049	0.0437565792799438	E	E	E
Open.field.test.Permanence.Time.center..s.	MX2	clinics	1.72952380952381	0.980278276953432	0	-25.9288461538462	0.237850602362268	0	1.72952380952381			0	Open field test:Permanence Time center (s)	Open field	field_test_Permanence_Time_center_s	Open.field.test.Permanence.Time.center..s.	1.72952380952381	0.980278276953432	0	-25.9288461538462	0.237850602362268	0	-0.037050699806753	-0.137822753419715	E	E	E
Open.field.test.Permanence.Time.periphery..s.	MX2	clinics	-1.7295238095237	0.980278276953432	0	25.9288461538463	0.237850602362268	0	-1.7295238095237			0	Open field test:Permanence Time periphery (s)	Open field	field_test_Permanence_Time_periphery_s	Open.field.test.Permanence.Time.periphery..s.	-1.7295238095237	0.980278276953432	0	25.9288461538463	0.237850602362268	0	0.037050699806753	0.137822753419715	E	E	E
Open.field.test.Resting.Time.center..s.	MX2	clinics	1.70190476190476	0.980278276953432	0	1.175	0.904422455167295	0	1.70190476190476			0	Open field test:Resting Time center (s)	Open field	field_test_Resting_Time_center_s	Open.field.test.Resting.Time.center..s.	1.70190476190476	0.980278276953432	0	1.175	0.904422455167295	0	0.00329251735800377	-0.0661362480541694	E	E	E
Open.field.test...Time.Spent.in.the.Center.I1..cm.	MX2	clinics	-0.807142857142859	0.980278276953432	0	-5.04230769230769	0.0105483782046978	1	-0.807142857142859			0	Open field test:% Time Spent in the Center I1 (cm)	Open field	field_test_Time_Spent_in_the_Center_I1_cm	Open.field.test...Time.Spent.in.the.Center.I1..cm.	-0.807142857142859	0.980278276953432	0	-5.04230769230769	0.0105483782046978	1	-0.0773491379193382	-0.028811190687414	E	E	E
Test.de.Tolérance.au.Glucose..GTT..Glucose.T120..mg.dl.	MX2	clinics	-0.785714285714278	0.980278276953432	0	-31.5	0.000129659759164713	1	-0.785714285714278			0	Test de Tolérance au Glucose (GTT):Glucose T120 (mg/dl)	Glucose tolerance test	de_Tolérance_au_Glucose_GTT_Glucose_T120_mg_dl	Test.de.Tolérance.au.Glucose..GTT..Glucose.T120..mg.dl.	-0.785714285714278	0.980278276953432	0	-31.5	0.000129659759164713	1	-0.12312263207033	0.00202573843907483	E	E	E
Open.field.test...distance.in.the.Center.I1..cm.	MX2	clinics	-0.734761904761903	0.980278276953432	0	-4.75961538461538	0.0323374125512688	1	-0.734761904761903			0	Open field test:% distance in the Center I1 (cm)	Open field	field_test_distance_in_the_Center_I1_cm	Open.field.test...distance.in.the.Center.I1..cm.	-0.734761904761903	0.980278276953432	0	-4.75961538461538	0.0323374125512688	1	-0.0606610325491921	-0.0247272089585524	E	E	E
Auditory.startle.reflex.reactivity.and.PPI...P1.P70	MX2	clinics	0.682857142857141	0.980278276953432	0	0.943269230769229	0.823127013581972	0	0.682857142857141			0	Auditory startle reflex reactivity and PPI - P1:P70	Auditory and PPI	startle_reflex_reactivity_and_PPI_P1_P70	Auditory.startle.reflex.reactivity.and.PPI...P1.P70	0.682857142857141	0.980278276953432	0	0.943269230769229	0.823127013581972	0	0.0163069079904398	-0.050881785722411	E	E	E
Pavlovian.fear.conditioning.Freezing.conditioning.Hab.1	MX2	clinics	0.619047619047619	0.980278276953432	0	-0.759615384615385	0.817672694874132	0	0.619047619047619			0	Pavlovian fear conditioning:Freezing conditioning Hab-1	Pavlovian fear cond.	fear_conditioning_Freezing_conditioning_Hab_1	Pavlovian.fear.conditioning.Freezing.conditioning.Hab.1	0.619047619047619	0.980278276953432	0	-0.759615384615385	0.817672694874132	0	0.00408344179531864	0.068802147944544	E	E	E
Pavlovian.fear.conditioning.Freezing.Cue.2	MX2	clinics	-0.533333333333331	0.980278276953432	0	49.2980769230769	0.000146497848729539	1	-0.533333333333331			0	Pavlovian fear conditioning:Freezing Cue 2	Pavlovian fear cond.	fear_conditioning_Freezing_Cue_2	Pavlovian.fear.conditioning.Freezing.Cue.2	-0.533333333333331	0.980278276953432	0	49.2980769230769	0.000146497848729539	1	0.100678099955068	0.0689447819260617	E	E	E
Echocardiography.using.the.Vevo.light.LV.Vol_d..uL.	MX2	clinics	0.481095238095236	0.980278276953432	0	-11.1805288461538	0.120406657898567	0	0.481095238095236			0	Echocardiography using the Vevo light:LV Vol_d (uL)	Echocardiography	using_the_Vevo_light_LV_Vol_d_uL	Echocardiography.using.the.Vevo.light.LV.Vol_d..uL.	0.481095238095236	0.980278276953432	0	-11.1805288461538	0.120406657898567	0	-0.0923472213839776	0.00956014092000439	E	E	E
Pavlovian.fear.conditioning.Freezing.....Cue.2	MX2	clinics	-0.443952380952382	0.980278276953432	0	41.0816346153846	0.000146497848729539	1	-0.443952380952382			0	Pavlovian fear conditioning:Freezing (%) Cue-2	Pavlovian fear cond.	fear_conditioning_Freezing_Cue_2	Pavlovian.fear.conditioning.Freezing.....Cue.2	-0.443952380952382	0.980278276953432	0	41.0816346153846	0.000146497848729539	1	0.100676591080079	0.0689399553908872	E	E	E
Open.field.test...distance.in.the.Center.glob...cm.	MX2	clinics	0.402380952380952	0.980278276953432	0	-2.20865384615385	0.237850602362268	0	0.402380952380952			0	Open field test:% distance in the Center glob. (cm)	Open field	field_test_distance_in_the_Center_glob_cm	Open.field.test...distance.in.the.Center.glob...cm.	0.402380952380952	0.980278276953432	0	-2.20865384615385	0.237850602362268	0	-0.0311705014458594	-0.132563374190263	E	E	E
Test.de.Tolérance.au.Glucose..GTT..Glucose.T15..mmol.l.	MX2	clinics	-0.328571428571429	0.980278276953432	0	-0.143750000000001	0.937424290373333	0	-0.328571428571429			0	Test de Tolérance au Glucose (GTT):Glucose T15 (mmol/l)	Glucose tolerance test	de_Tolérance_au_Glucose_GTT_Glucose_T15_mmol_l	Test.de.Tolérance.au.Glucose..GTT..Glucose.T15..mmol.l.	-0.328571428571429	0.980278276953432	0	-0.143750000000001	0.937424290373333	0	-0.00731577070226495	0.0112243191858354	E	E	E
Clinical.chemistry.parameters.P.mg.dl..mg.dl.	MX2	clinics	0.315389610389611	0.980278276953432	0	2.10217948717949	8.83036197544105e-05	1	0.315389610389611			0	Clinical chemistry parameters:P mg/dl (mg/dl)	Clinical chemistry	chemistry_parameters_P_mg_dl_mg_dl	Clinical.chemistry.parameters.P.mg.dl..mg.dl.	0.315389610389611	0.980278276953432	0	2.10217948717949	8.83036197544105e-05	1	0.0978186625148304	-0.0164731797845128	E	E	E
Ultrafocus...Densitométrie.osseuse.et.composition.corporelle.BMD..mg.cm2.	MX2	clinics	-0.302476190476192	0.980278276953432	0	-0.062596153846151	0.997689409556618	0	-0.302476190476192			0	Ultrafocus - Densitométrie osseuse et composition corporelle:BMD (mg/cm2)	Body composition	Densitométrie_osseuse_et_composition_corporelle_BMD_mg_cm2	Ultrafocus...Densitométrie.osseuse.et.composition.corporelle.BMD..mg.cm2.	-0.302476190476192	0.980278276953432	0	-0.062596153846151	0.997689409556618	0	-0.0576772675667632	0.0375141479492969	E	E	E
Pavlovian.fear.conditioning.Freezing.Pre.cue.2	MX2	clinics	-0.238095238095241	0.980278276953432	0	15.5	0.0524973910995196	0	-0.238095238095241			0	Pavlovian fear conditioning:Freezing Pre-cue 2	Pavlovian fear cond.	fear_conditioning_Freezing_Pre_cue_2	Pavlovian.fear.conditioning.Freezing.Pre.cue.2	-0.238095238095241	0.980278276953432	0	15.5	0.0524973910995196	0	0.0835940711540476	0.0704568967062953	E	E	E
Open.field.test..Time.Spent.in.the.Center.glob	MX2	clinics	0.175714285714285	0.980278276953432	0	-2.14951923076923	0.237850602362268	0	0.175714285714285			0	Open field test:%Time Spent in the Center glob	Open field	field_test_Time_Spent_in_the_Center_glob	Open.field.test..Time.Spent.in.the.Center.glob	0.175714285714285	0.980278276953432	0	-2.14951923076923	0.237850602362268	0	-0.0369181844314746	-0.137976673080306	E	E	E
Haematology...Complete.blood.count..CBC.on.the.Advia.120.MCV..fL.	MX2	clinics	0.141958041958041	0.980278276953432	0	0.260839160839161	0.762022548913056	0	0.141958041958041			0	Haematology - Complete blood count (CBC)on the Advia 120:MCV (fL)	Haematology	Complete_blood_count_CBC_on_the_Advia_120_MCV_fL	Haematology...Complete.blood.count..CBC.on.the.Advia.120.MCV..fL.	0.141958041958041	0.980278276953432	0	0.260839160839161	0.762022548913056	0	-0.0234893883320622	0.0521675919315133	E	E	E
ECG.in.anaesthetized.conditions.QRS..ms.	MX2	clinics	-0.125714285714288	0.980278276953432	0	0.283173076923077	0.842564218032323	0	-0.125714285714288			0	ECG in anaesthetized conditions:QRS (ms)	ECG	in_anaesthetized_conditions_QRS_ms	ECG.in.anaesthetized.conditions.QRS..ms.	-0.125714285714288	0.980278276953432	0	0.283173076923077	0.842564218032323	0	0.0134729096312959	0.0798883445594136	E	E	E
Clinical.chemistry.parameters.P..mmol.l.	MX2	clinics	0.102532467532467	0.980278276953432	0	0.679038461538461	0.000123898708771184	1	0.102532467532467			0	Clinical chemistry parameters:P (mmol/l)	Clinical chemistry	chemistry_parameters_P_mmol_l	Clinical.chemistry.parameters.P..mmol.l.	0.102532467532467	0.980278276953432	0	0.679038461538461	0.000123898708771184	1	0.0977886590551392	-0.0165005672025623	E	E	E
Eye.Morphology.Body.weight..g.	MX2	clinics	-0.0695238095238082	0.980278276953432	0	-5.22692307692308	8.43242769374512e-09	1	-0.0695238095238082			0	Eye Morphology:Body weight (g)	Eye	Morphology_Body_weight_g	Eye.Morphology.Body.weight..g.	-0.0695238095238082	0.980278276953432	0	-5.22692307692308	8.43242769374512e-09	1	-0.12370314435672	0.0247513453049113	E	E	E
Hot.plate.test.Body.weight..g.	MX2	clinics	-0.0695238095238082	0.980278276953432	0	-5.22692307692308	8.43242769374512e-09	1	-0.0695238095238082			0	Hot plate test:Body weight (g)	Hot plate	plate_test_Body_weight_g	Hot.plate.test.Body.weight..g.	-0.0695238095238082	0.980278276953432	0	-5.22692307692308	8.43242769374512e-09	1	-0.12370314435672	0.0247513453049113	E	E	E
Test.de.Tolérance.au.Glucose..GTT..Glucose.T120..mmol.l.	MX2	clinics	-0.0571428571428578	0.980278276953432	0	-1.72708333333333	0.000139491744026368	1	-0.0571428571428578			0	Test de Tolérance au Glucose (GTT):Glucose T120 (mmol/l)	Glucose tolerance test	de_Tolérance_au_Glucose_GTT_Glucose_T120_mmol_l	Test.de.Tolérance.au.Glucose..GTT..Glucose.T120..mmol.l.	-0.0571428571428578	0.980278276953432	0	-1.72708333333333	0.000139491744026368	1	-0.12337682494918	0.00210146562599596	E	E	E
Open.field.test.av..speed.periphery..cm.s.	MX2	clinics	0.048333333333332	0.980278276953432	0	0.223076923076924	0.490169928029713	0	0.048333333333332			0	Open field test:av. speed periphery (cm/s)	Open field	field_test_av_speed_periphery_cm_s	Open.field.test.av..speed.periphery..cm.s.	0.048333333333332	0.980278276953432	0	0.223076923076924	0.490169928029713	0	0.00368579162122655	-0.080254258440152	E	E	E
Haematology...Complete.blood.count..CBC.on.the.Advia.120.NEUTRO..x10E03.cells.µL.	MX2	clinics	-0.0391608391608392	0.980278276953432	0	-0.115244755244755	0.26403110539863	0	-0.0391608391608392			0	Haematology - Complete blood count (CBC)on the Advia 120:NEUTRO (x10E03 cells/µL)	Haematology	Complete_blood_count_CBC_on_the_Advia_120_NEUTRO_x10E03_cells_µL	Haematology...Complete.blood.count..CBC.on.the.Advia.120.NEUTRO..x10E03.cells.µL.	-0.0391608391608392	0.980278276953432	0	-0.115244755244755	0.26403110539863	0	-0.0738276420618368	0.084719794197728	E	E	E
Haematology...Complete.blood.count..CBC.on.the.Advia.120.RDW....	MX2	clinics	0.0300699300699296	0.980278276953432	0	-0.08041958041958	0.842564218032323	0	0.0300699300699296			0	Haematology - Complete blood count (CBC)on the Advia 120:RDW (%)	Haematology	Complete_blood_count_CBC_on_the_Advia_120_RDW	Haematology...Complete.blood.count..CBC.on.the.Advia.120.RDW....	0.0300699300699296	0.980278276953432	0	-0.08041958041958	0.842564218032323	0	-0.0277055201163057	0.101219075725012	E	E	E
Haematology...Complete.blood.count..CBC.on.the.Advia.120.EOSINO..x10E03.cells.µL.	MX2	clinics	-0.0255944055944056	0.980278276953432	0	-0.0415384615384616	0.700383077342576	0	-0.0255944055944056			0	Haematology - Complete blood count (CBC)on the Advia 120:EOSINO (x10E03 cells/µL)	Haematology	Complete_blood_count_CBC_on_the_Advia_120_EOSINO_x10E03_cells_µL	Haematology...Complete.blood.count..CBC.on.the.Advia.120.EOSINO..x10E03.cells.µL.	-0.0255944055944056	0.980278276953432	0	-0.0415384615384616	0.700383077342576	0	-0.0316482660684811	-0.00522105944645722	E	E	E
Haematology...Complete.blood.count..CBC.on.the.Advia.120.NEUTRO.BRUT..x10E03.cells.µL.	MX2	clinics	-0.0195804195804196	0.980278276953432	0	-0.0576223776223776	0.399949127536252	0	-0.0195804195804196			0	Haematology - Complete blood count (CBC)on the Advia 120:NEUTRO BRUT (x10E03 cells/µL)	Haematology	Complete_blood_count_CBC_on_the_Advia_120_NEUTRO_BRUT_x10E03_cells_µL	Haematology...Complete.blood.count..CBC.on.the.Advia.120.NEUTRO.BRUT..x10E03.cells.µL.	-0.0195804195804196	0.980278276953432	0	-0.0576223776223776	0.399949127536252	0	-0.0738276420618368	0.084719794197728	E	E	E
Haematology...Complete.blood.count..CBC.on.the.Advia.120.MONO.BRUT..x10E03.cells.µL.	MX2	clinics	-0.0170629370629371	0.980278276953432	0	-0.0282517482517483	0.68500412198606	0	-0.0170629370629371			0	Haematology - Complete blood count (CBC)on the Advia 120:MONO BRUT (x10E03 cells/µL)	Haematology	Complete_blood_count_CBC_on_the_Advia_120_MONO_BRUT_x10E03_cells_µL	Haematology...Complete.blood.count..CBC.on.the.Advia.120.MONO.BRUT..x10E03.cells.µL.	-0.0170629370629371	0.980278276953432	0	-0.0282517482517483	0.68500412198606	0	-0.0697597330866825	0.0927405863371904	E	E	E
Haematology...Complete.blood.count..CBC.on.the.Advia.120.EOSINO.BRUT..x10E03.cells.µL.	MX2	clinics	-0.0127972027972028	0.980278276953432	0	-0.0207692307692308	0.807206841184506	0	-0.0127972027972028			0	Haematology - Complete blood count (CBC)on the Advia 120:EOSINO BRUT (x10E03 cells/µL)	Haematology	Complete_blood_count_CBC_on_the_Advia_120_EOSINO_BRUT_x10E03_cells_µL	Haematology...Complete.blood.count..CBC.on.the.Advia.120.EOSINO.BRUT..x10E03.cells.µL.	-0.0127972027972028	0.980278276953432	0	-0.0207692307692308	0.807206841184506	0	-0.0316482660684811	-0.00522105944645722	E	E	E
Haematology...Complete.blood.count..CBC.on.the.Advia.120.LUC..x10E03.cells.µL.	MX2	clinics	-0.0123076923076923	0.980278276953432	0	-0.0179020979020979	0.800682686920937	0	-0.0123076923076923			0	Haematology - Complete blood count (CBC)on the Advia 120:LUC (x10E03 cells/µL)	Haematology	Complete_blood_count_CBC_on_the_Advia_120_LUC_x10E03_cells_µL	Haematology...Complete.blood.count..CBC.on.the.Advia.120.LUC..x10E03.cells.µL.	-0.0123076923076923	0.980278276953432	0	-0.0179020979020979	0.800682686920937	0	-0.0989418315270812	0.0466069701343459	E	E	E
Echocardiography.using.the.Vevo.light.LVID_d..mm.	MX2	clinics	0.0101904761904761	0.980278276953432	0	-0.237211538461539	0.16018322251938	0	0.0101904761904761			0	Echocardiography using the Vevo light:LVID_d (mm)	Echocardiography	using_the_Vevo_light_LVID_d_mm	Echocardiography.using.the.Vevo.light.LVID_d..mm.	0.0101904761904761	0.980278276953432	0	-0.237211538461539	0.16018322251938	0	-0.0898389613261392	0.0116341450044873	E	E	E
Anapath.A2.heart..g.	MX2	clinics	-0.00633333333333333	0.980278276953432	0	-0.0240384615384615	0.606480787932414	0	-0.00633333333333333			0	Anapath:A2 heart (g)	Anapath	A2_heart_g	Anapath.A2.heart..g.	-0.00633333333333333	0.980278276953432	0	-0.0240384615384615	0.606480787932414	0	-0.0911582924129494	0.08226183496824	E	E	E
Haematology...Complete.blood.count..CBC.on.the.Advia.120.LUC.BRUT..x10E03.cells.µL.	MX2	clinics	-0.00615384615384615	0.980278276953432	0	-0.00895104895104895	0.922580479517124	0	-0.00615384615384615			0	Haematology - Complete blood count (CBC)on the Advia 120:LUC BRUT (x10E03 cells/µL)	Haematology	Complete_blood_count_CBC_on_the_Advia_120_LUC_BRUT_x10E03_cells_µL	Haematology...Complete.blood.count..CBC.on.the.Advia.120.LUC.BRUT..x10E03.cells.µL.	-0.00615384615384615	0.980278276953432	0	-0.00895104895104895	0.922580479517124	0	-0.0989418315270812	0.0466069701343459	E	E	E
Open.field.test.Number.of.Rearings.I2	MX2	clinics	0.00476190476189942	0.98113975942348	0	-14.2355769230769	0.0133269957407167	1	0.00476190476189942			0	Open field test:Number of Rearings I2	Open field	field_test_Number_of_Rearings_I2	Open.field.test.Number.of.Rearings.I2	0.00476190476189942	0.98113975942348	0	-14.2355769230769	0.0133269957407167	1	-0.0888217975524638	-0.0442498103670217	E	E	E
ECG.in.anaesthetized.conditions.HR..bpm.	MX2	clinics	3.90952380952382	0.983804434507425	0	50.3413461538461	0.0264401537031287	1	3.90952380952382			0	ECG in anaesthetized conditions:HR (bpm)	ECG	in_anaesthetized_conditions_HR_bpm	ECG.in.anaesthetized.conditions.HR..bpm.	3.90952380952382	0.983804434507425	0	50.3413461538461	0.0264401537031287	1	0.0468804202139199	0.0641512095151017	E	E	E
Open.field.test.Dist.I2..cm.	MX2	clinics	-3.84095238095233	0.9915101651456	0	-139.542788461539	0.328701826945302	0	-3.84095238095233			0	Open field test:Dist I2 (cm)	Open field	field_test_Dist_I2_cm	Open.field.test.Dist.I2..cm.	-3.84095238095233	0.9915101651456	0	-139.542788461539	0.328701826945302	0	-0.0562755291832412	-0.0949941386076363	E	E	E
Rotarod.test.Trial.3..s.	MX2	clinics	2.16190476190474	0.9915101651456	0	30.8173076923077	0.337063232911414	0	2.16190476190474			0	Rotarod test:Trial 3 (s)	Rotarod	test_Trial_3_s	Rotarod.test.Trial.3..s.	2.16190476190474	0.9915101651456	0	30.8173076923077	0.337063232911414	0	0.0284030504257794	-0.00398295431580256	E	E	E
Clinical.chemistry.parameters.T..Chol..mg.dl..mg.dl.	MX2	clinics	-0.586547619047622	0.9915101651456	0	-6.51392857142856	0.16280419872801	0	-0.586547619047622			0	Clinical chemistry parameters:T. Chol. mg/dl (mg/dl)	Clinical chemistry	chemistry_parameters_T_Chol_mg_dl_mg_dl	Clinical.chemistry.parameters.T..Chol..mg.dl..mg.dl.	-0.586547619047622	0.9915101651456	0	-6.51392857142856	0.16280419872801	0	-0.0141218559907382	-0.0180509697073007	E	E	E
Haematology...Complete.blood.count..CBC.on.the.Advia.120..EOSINO....	MX2	clinics	0.262237762237762	0.9915101651456	0	0.92937062937063	0.640666069511291	0	0.262237762237762			0	Haematology - Complete blood count (CBC)on the Advia 120:%EOSINO (%)	Haematology	Complete_blood_count_CBC_on_the_Advia_120_EOSINO	Haematology...Complete.blood.count..CBC.on.the.Advia.120..EOSINO....	0.262237762237762	0.9915101651456	0	0.92937062937063	0.640666069511291	0	0.0173060552189642	-0.00636090568054432	E	E	E
Clinical.chemistry.parameters.Urea.mg.dl..mg.dl.	MX2	clinics	0.179220779220785	0.9915101651456	0	0.603846153846156	0.922580479517124	0	0.179220779220785			0	Clinical chemistry parameters:Urea mg/dl (mg/dl)	Clinical chemistry	chemistry_parameters_Urea_mg_dl_mg_dl	Clinical.chemistry.parameters.Urea.mg.dl..mg.dl.	0.179220779220785	0.9915101651456	0	0.603846153846156	0.922580479517124	0	0.00504148174542306	-0.0933678504723161	E	E	E
Pavlovian.fear.conditioning.Freezing.conditioning.Hab.2	MX2	clinics	-0.123809523809525	0.9915101651456	0	3.16346153846154	0.451657946239263	0	-0.123809523809525			0	Pavlovian fear conditioning:Freezing conditioning Hab-2	Pavlovian fear cond.	fear_conditioning_Freezing_conditioning_Hab_2	Pavlovian.fear.conditioning.Freezing.conditioning.Hab.2	-0.123809523809525	0.9915101651456	0	3.16346153846154	0.451657946239263	0	0.0480916518909134	0.0475425903071234	E	E	E
Clinical.chemistry.parameters.Blood.Urea.Nitrogen.mg.dl..mg.dl.	MX2	clinics	0.0837012987012962	0.9915101651456	0	0.282884615384614	0.922580479517124	0	0.0837012987012962			0	Clinical chemistry parameters:Blood Urea Nitrogen mg/dl (mg/dl)	Clinical chemistry	chemistry_parameters_Blood_Urea_Nitrogen_mg_dl_mg_dl	Clinical.chemistry.parameters.Blood.Urea.Nitrogen.mg.dl..mg.dl.	0.0837012987012962	0.9915101651456	0	0.282884615384614	0.922580479517124	0	0.00504417629375094	-0.0933955608714154	E	E	E
Ultrafocus...Densitométrie.osseuse.et.composition.corporelle.lean.weight..g.	MX2	clinics	-0.0710000000000015	0.9915101651456	0	-2.75466346153846	0.00108916920692025	1	-0.0710000000000015			0	Ultrafocus - Densitométrie osseuse et composition corporelle:lean weight (g)	Body composition	Densitométrie_osseuse_et_composition_corporelle_lean_weight_g	Ultrafocus...Densitométrie.osseuse.et.composition.corporelle.lean.weight..g.	-0.0710000000000015	0.9915101651456	0	-2.75466346153846	0.00108916920692025	1	-0.117889434969254	0.0457399178108403	E	E	E
Clinical.chemistry.parameters.Urea..mmol.l.	MX2	clinics	0.0298701298701296	0.9915101651456	0	0.100641025641026	0.922580479517124	0	0.0298701298701296			0	Clinical chemistry parameters:Urea (mmol/l)	Clinical chemistry	chemistry_parameters_Urea_mmol_l	Clinical.chemistry.parameters.Urea..mmol.l.	0.0298701298701296	0.9915101651456	0	0.100641025641026	0.922580479517124	0	0.00504148174542306	-0.0933678504723161	E	E	E
Clinical.chemistry.parameters.T..Chol...mmol.l.	MX2	clinics	-0.0151190476190477	0.9915101651456	0	-0.168333333333333	0.187203843332605	0	-0.0151190476190477			0	Clinical chemistry parameters:T. Chol. (mmol/l)	Clinical chemistry	chemistry_parameters_T_Chol_mmol_l	Clinical.chemistry.parameters.T..Chol...mmol.l.	-0.0151190476190477	0.9915101651456	0	-0.168333333333333	0.187203843332605	0	-0.0141282757000649	-0.0180688765652166	E	E	E
Ultrafocus...Densitométrie.osseuse.et.composition.corporelle.BMC..g.	MX2	clinics	-0.00185714285714289	0.9915101651456	0	-0.0194711538461538	0.704391122975943	0	-0.00185714285714289			0	Ultrafocus - Densitométrie osseuse et composition corporelle:BMC (g)	Body composition	Densitométrie_osseuse_et_composition_corporelle_BMC_g	Ultrafocus...Densitométrie.osseuse.et.composition.corporelle.BMC..g.	-0.00185714285714289	0.9915101651456	0	-0.0194711538461538	0.704391122975943	0	-0.0811919693574922	0.0430799127993602	E	E	E
Ultrafocus...Densitométrie.osseuse.et.composition.corporelle.bone.area..cm2.	MX2	clinics	-0.00171428571428578	0.9915101651456	0	-0.322451923076922	0.0295145391223266	1	-0.00171428571428578			0	Ultrafocus - Densitométrie osseuse et composition corporelle:bone area (cm2)	Body composition	Densitométrie_osseuse_et_composition_corporelle_bone_area_cm2	Ultrafocus...Densitométrie.osseuse.et.composition.corporelle.bone.area..cm2.	-0.00171428571428578	0.9915101651456	0	-0.322451923076922	0.0295145391223266	1	-0.0817506420563794	0.0292227778433211	E	E	E
Haematology...Complete.blood.count..CBC.on.the.Advia.120.BASO..x10E03.cells.µL.	MX2	clinics	0.000979020979020979	0.9915101651456	0	-0.000979020979020979	0.997689409556618	0	0.000979020979020979			0	Haematology - Complete blood count (CBC)on the Advia 120:BASO (x10E03 cells/µL)	Haematology	Complete_blood_count_CBC_on_the_Advia_120_BASO_x10E03_cells_µL	Haematology...Complete.blood.count..CBC.on.the.Advia.120.BASO..x10E03.cells.µL.	0.000979020979020979	0.9915101651456	0	-0.000979020979020979	0.997689409556618	0	-0.033258882851443	-0.0257256477836017	E	E	E
Hot.plate.test.Hot.plate.1..s.	MX2	clinics	0.000809523809522261	0.9915101651456	0	-0.841778846153847	0.662840497123265	0	0.000809523809522261			0	Hot plate test:Hot plate 1 (s)	Hot plate	plate_test_Hot_plate_1_s	Hot.plate.test.Hot.plate.1..s.	0.000809523809522261	0.9915101651456	0	-0.841778846153847	0.662840497123265	0	-0.0210205259864465	-0.0954834059709718	E	E	E
Haematology...Complete.blood.count..CBC.on.the.Advia.120.BASO.BRUT..x10E03.cells.µL.	MX2	clinics	0.00048951048951049	0.9915101651456	0	-0.00048951048951049	0.998774834218601	0	0.00048951048951049			0	Haematology - Complete blood count (CBC)on the Advia 120:BASO BRUT (x10E03 cells/µL)	Haematology	Complete_blood_count_CBC_on_the_Advia_120_BASO_BRUT_x10E03_cells_µL	Haematology...Complete.blood.count..CBC.on.the.Advia.120.BASO.BRUT..x10E03.cells.µL.	0.00048951048951049	0.9915101651456	0	-0.00048951048951049	0.998774834218601	0	-0.033258882851443	-0.0257256477836017	E	E	E
Ultrafocus...Densitométrie.osseuse.et.composition.corporelle.BMD..g.cm2.	MX2	clinics	-0.000312380952380953	0.9915101651456	0	-2.98076923076901e-05	0.99951696667579	0	-0.000312380952380953			0	Ultrafocus - Densitométrie osseuse et composition corporelle:BMD (g/cm2)	Body composition	Densitométrie_osseuse_et_composition_corporelle_BMD_g_cm2	Ultrafocus...Densitométrie.osseuse.et.composition.corporelle.BMD..g.cm2.	-0.000312380952380953	0.9915101651456	0	-2.98076923076901e-05	0.99951696667579	0	-0.0570028215174327	0.0370088150466061	E	E	E
