variableMetadata	gene	set	WT.KO_fold	WT.KO_BH	WT.KO_signif	M.F_fold	M.F_BH	M.F_signif	WT.KO_fold.1	oplsda_vip	biosigner	mixomics	initial_names	category	full_info	name	limma2ways_WT.LAT_diff	limma2ways_WT.LAT_BH	limma2ways_WT.LAT_signif	limma2ways_M.F_diff_LAT	limma2ways_M.F_BH_LAT	limma2ways_M.F_signif_LAT	PCA_xload-p1_LAT	PCA_xload-p2_LAT	biosign_plsda_LAT	biosign_forest_LAT	biosign_svm_LAT
Test.de.Tolérance.au.Glucose..GTT..Glucose.T60..mg.dl.	LAT	clinics	-20.978021978022	0.162253152068003	0	-48.3021978021978	0.000168501869436246	1	-20.978021978022			0	Test de Tolérance au Glucose (GTT):Glucose T60 (mg/dl)	Glucose tolerance test	de_Tolérance_au_Glucose_GTT_Glucose_T60_mg_dl	Test.de.Tolérance.au.Glucose..GTT..Glucose.T60..mg.dl.	-20.978021978022	0.162253152068003	0	-48.3021978021978	0.000168501869436246	1	-0.105726903303151	0.0304061511677236	E	E	E
Dysmorphology.IMPC.Loc..activity	LAT	clinics	-7.42051282051282	0.162253152068003	0	-1.07142857142857	0.737138216183935	0	-7.42051282051282			0	Dysmorphology IMPC:Loc. activity	Dysmorphology	IMPC_Loc_activity	Dysmorphology.IMPC.Loc..activity	-7.42051282051282	0.162253152068003	0	-1.07142857142857	0.737138216183935	0	-0.0127055840757879	-0.101223719711624	E	E	E
Modified.SHIRPA.Loc..activity	LAT	clinics	-7.42051282051282	0.162253152068003	0	-1.07142857142857	0.737138216183935	0	-7.42051282051282			0	Modified SHIRPA:Loc. activity	SHIRPA	SHIRPA_Loc_activity	Modified.SHIRPA.Loc..activity	-7.42051282051282	0.162253152068003	0	-1.07142857142857	0.737138216183935	0	-0.0127055840757879	-0.101223719711624	E	E	E
Clinical.chemistry.parameters.T..bilirubin..µmol.l.	LAT	clinics	1.72115384615385	0.162253152068003	0	0.698717948717949	0.456979077789542	0	1.72115384615385			0	Clinical chemistry parameters:T. bilirubin (µmol/l)	Clinical chemistry	chemistry_parameters_T_bilirubin_µmol_l	Clinical.chemistry.parameters.T..bilirubin..µmol.l.	1.72115384615385	0.162253152068003	0	0.698717948717949	0.456979077789542	0	0.0476968894767872	-0.00306268808926782	E	E	E
Test.de.Tolérance.au.Glucose..GTT..Glucose.T60..mmol.l.	LAT	clinics	-1.1489010989011	0.162253152068003	0	-2.67857142857143	0.000168501869436246	1	-1.1489010989011			0	Test de Tolérance au Glucose (GTT):Glucose T60 (mmol/l)	Glucose tolerance test	de_Tolérance_au_Glucose_GTT_Glucose_T60_mmol_l	Test.de.Tolérance.au.Glucose..GTT..Glucose.T60..mmol.l.	-1.1489010989011	0.162253152068003	0	-2.67857142857143	0.000168501869436246	1	-0.105751119763788	0.0308980554769716	E	E	E
Shock.threshold.test.Nb.cage	LAT	clinics	-1.05641025641026	0.162253152068003	0	0.142857142857143	0.959466114138758	0	-1.05641025641026			0	Shock threshold test:Nb/cage	Shock threshold	threshold_test_Nb_cage	Shock.threshold.test.Nb.cage	-1.05641025641026	0.162253152068003	0	0.142857142857143	0.959466114138758	0	0.0229644273925257	-0.0406958643732669	E	E	E
Auditory.brainstem.response.nb.cage	LAT	clinics	-0.97948717948718	0.162253152068003	0	0.0714285714285716	0.996835825592045	0	-0.97948717948718			0	Auditory brainstem response:nb/cage	Auditory and PPI	brainstem_response_nb_cage	Auditory.brainstem.response.nb.cage	-0.97948717948718	0.162253152068003	0	0.0714285714285716	0.996835825592045	0	0.0152532457814876	-0.0405149483746788	E	E	E
Auditory.startle.reflex.reactivity.and.PPI...P1.nb.cage	LAT	clinics	-0.97948717948718	0.162253152068003	0	0.0714285714285716	0.996835825592045	0	-0.97948717948718			0	Auditory startle reflex reactivity and PPI - P1:nb/cage	Auditory and PPI	startle_reflex_reactivity_and_PPI_P1_nb_cage	Auditory.startle.reflex.reactivity.and.PPI...P1.nb.cage	-0.97948717948718	0.162253152068003	0	0.0714285714285716	0.996835825592045	0	0.0152532457814876	-0.0405149483746788	E	E	E
Dysmorphology.IMPC.Nb.cage	LAT	clinics	-0.97948717948718	0.162253152068003	0	0.0714285714285716	0.996835825592045	0	-0.97948717948718			0	Dysmorphology IMPC:Nb/cage	Dysmorphology	IMPC_Nb_cage	Dysmorphology.IMPC.Nb.cage	-0.97948717948718	0.162253152068003	0	0.0714285714285716	0.996835825592045	0	0.0152532457814876	-0.0405149483746788	E	E	E
Grip.test.Nb.cage	LAT	clinics	-0.97948717948718	0.162253152068003	0	0.0714285714285716	0.996835825592045	0	-0.97948717948718			0	Grip test:Nb/cage	Grip test	test_Nb_cage	Grip.test.Nb.cage	-0.97948717948718	0.162253152068003	0	0.0714285714285716	0.996835825592045	0	0.0152532457814876	-0.0405149483746788	E	E	E
Hot.plate.test.Nb.cage	LAT	clinics	-0.97948717948718	0.162253152068003	0	0.0714285714285716	0.996835825592045	0	-0.97948717948718			0	Hot plate test:Nb/cage	Hot plate	plate_test_Nb_cage	Hot.plate.test.Nb.cage	-0.97948717948718	0.162253152068003	0	0.0714285714285716	0.996835825592045	0	0.0152532457814876	-0.0405149483746788	E	E	E
Modified.SHIRPA.Nb.cage	LAT	clinics	-0.97948717948718	0.162253152068003	0	0.0714285714285716	0.996835825592045	0	-0.97948717948718			0	Modified SHIRPA:Nb/cage	SHIRPA	SHIRPA_Nb_cage	Modified.SHIRPA.Nb.cage	-0.97948717948718	0.162253152068003	0	0.0714285714285716	0.996835825592045	0	0.0152532457814876	-0.0405149483746788	E	E	E
Modified.SHIRPA.Nb.cage.Eumodic	LAT	clinics	-0.97948717948718	0.162253152068003	0	0.0714285714285716	0.996835825592045	0	-0.97948717948718			0	Modified SHIRPA:Nb/cage Eumodic	SHIRPA	SHIRPA_Nb_cage_Eumodic	Modified.SHIRPA.Nb.cage.Eumodic	-0.97948717948718	0.162253152068003	0	0.0714285714285716	0.996835825592045	0	0.0152532457814876	-0.0405149483746788	E	E	E
Pavlovian.fear.conditioning.Nb.cage	LAT	clinics	-0.97948717948718	0.162253152068003	0	0.0714285714285716	0.996835825592045	0	-0.97948717948718			0	Pavlovian fear conditioning:Nb/cage	Pavlovian fear cond.	fear_conditioning_Nb_cage	Pavlovian.fear.conditioning.Nb.cage	-0.97948717948718	0.162253152068003	0	0.0714285714285716	0.996835825592045	0	0.0152532457814876	-0.0405149483746788	E	E	E
Rotarod.test.Nb.cage	LAT	clinics	-0.97948717948718	0.162253152068003	0	0.0714285714285716	0.996835825592045	0	-0.97948717948718			0	Rotarod test:Nb/cage	Rotarod	test_Nb_cage	Rotarod.test.Nb.cage	-0.97948717948718	0.162253152068003	0	0.0714285714285716	0.996835825592045	0	0.0152532457814876	-0.0405149483746788	E	E	E
Clinical.chemistry.parameters.ALP..U.l.	LAT	clinics	-14.5384615384615	0.293807361763699	0	39.1538461538462	9.51570658491292e-07	1	-14.5384615384615			0	Clinical chemistry parameters:ALP (U/l)	Clinical chemistry	chemistry_parameters_ALP_U_l	Clinical.chemistry.parameters.ALP..U.l.	-14.5384615384615	0.293807361763699	0	39.1538461538462	9.51570658491292e-07	1	0.124059023361262	-0.0166572274996451	E	E	E
Open.field.test...distance.in.the.Center.I1..cm.	LAT	clinics	-3.15948717948718	0.40416025796548	0	-1.77857142857143	0.410367191659653	0	-3.15948717948718			0	Open field test:% distance in the Center I1 (cm)	Open field	field_test_distance_in_the_Center_I1_cm	Open.field.test...distance.in.the.Center.I1..cm.	-3.15948717948718	0.40416025796548	0	-1.77857142857143	0.410367191659653	0	-0.0435390892175454	-0.101211123459425	E	E	E
Echocardiography.using.the.Vevo.light.FS....	LAT	clinics	2.0568717948718	0.435421245390612	0	1.10071428571429	0.456259544138462	0	2.0568717948718			0	Echocardiography using the Vevo light:FS (%)	Echocardiography	using_the_Vevo_light_FS	Echocardiography.using.the.Vevo.light.FS....	2.0568717948718	0.435421245390612	0	1.10071428571429	0.456259544138462	0	0.0434699208459181	0.00299507391990834	E	E	E
Echocardiography.using.the.Vevo.light.EF....	LAT	clinics	3.20958974358975	0.443183863445415	0	1.68214285714286	0.467829840627746	0	3.20958974358975			0	Echocardiography using the Vevo light:EF (%)	Echocardiography	using_the_Vevo_light_EF	Echocardiography.using.the.Vevo.light.EF....	3.20958974358975	0.443183863445415	0	1.68214285714286	0.467829840627746	0	0.0465474393779382	0.00609984989650995	E	E	E
Open.field.test...distance.in.the.Center.glob...cm.	LAT	clinics	-2.66410256410256	0.443183863445415	0	0.892857142857142	0.755581942075614	0	-2.66410256410256			0	Open field test:% distance in the Center glob. (cm)	Open field	field_test_distance_in_the_Center_glob_cm	Open.field.test...distance.in.the.Center.glob...cm.	-2.66410256410256	0.443183863445415	0	0.892857142857142	0.755581942075614	0	-0.00929289881168847	-0.149972950884681	E	E	E
Clinical.chemistry.parameters.HDL.Chol..mg.dl..mg.dl.	LAT	clinics	-5.87181818181818	0.740338260879259	0	-11.2739160839161	0.0110069887739526	1	-5.87181818181818			0	Clinical chemistry parameters:HDL Chol. mg/dl (mg/dl)	Clinical chemistry	chemistry_parameters_HDL_Chol_mg_dl_mg_dl	Clinical.chemistry.parameters.HDL.Chol..mg.dl..mg.dl.	-5.87181818181818	0.740338260879259	0	-11.2739160839161	0.0110069887739526	1	-0.0510629251023692	0.0826897164888339	E	E	E
Open.field.test.Permanence.Time.periphery..s.	LAT	clinics	21.7979487179489	0.790800068754654	0	-7.07142857142844	0.814064501447433	0	21.7979487179489			0	Open field test:Permanence Time periphery (s)	Open field	field_test_Permanence_Time_periphery_s	Open.field.test.Permanence.Time.periphery..s.	21.7979487179489	0.790800068754654	0	-7.07142857142844	0.814064501447433	0	0.0132354299180736	0.161144441105694	E	E	E
Open.field.test.Permanence.Time.center..s.	LAT	clinics	-21.7979487179487	0.790800068754654	0	7.07142857142856	0.814064501447433	0	-21.7979487179487			0	Open field test:Permanence Time center (s)	Open field	field_test_Permanence_Time_center_s	Open.field.test.Permanence.Time.center..s.	-21.7979487179487	0.790800068754654	0	7.07142857142856	0.814064501447433	0	-0.0132354299180736	-0.161144441105694	E	E	E
Pavlovian.fear.conditioning.Freezing.conditioning.Hab.1	LAT	clinics	3.48717948717949	0.790800068754654	0	-0.571428571428571	0.96645747610536	0	3.48717948717949			0	Pavlovian fear conditioning:Freezing conditioning Hab-1	Pavlovian fear cond.	fear_conditioning_Freezing_conditioning_Hab_1	Pavlovian.fear.conditioning.Freezing.conditioning.Hab.1	3.48717948717949	0.790800068754654	0	-0.571428571428571	0.96645747610536	0	0.0199260763402826	0.129858956461743	E	E	E
Open.field.test...Time.Spent.in.the.Center.I1..cm.	LAT	clinics	-2.22307692307692	0.791659434964521	0	-1.76428571428571	0.410367191659653	0	-2.22307692307692			0	Open field test:% Time Spent in the Center I1 (cm)	Open field	field_test_Time_Spent_in_the_Center_I1_cm	Open.field.test...Time.Spent.in.the.Center.I1..cm.	-2.22307692307692	0.791659434964521	0	-1.76428571428571	0.410367191659653	0	-0.056624856253807	-0.100921891978091	E	E	E
Open.field.test..Time.Spent.in.the.Center.glob	LAT	clinics	-1.79076923076923	0.791659434964521	0	0.585714285714285	0.814064501447433	0	-1.79076923076923			0	Open field test:%Time Spent in the Center glob	Open field	field_test_Time_Spent_in_the_Center_glob	Open.field.test..Time.Spent.in.the.Center.glob	-1.79076923076923	0.791659434964521	0	0.585714285714285	0.814064501447433	0	-0.0132657833426596	-0.160905237439692	E	E	E
Clinical.chemistry.parameters.Glucose.mg.dl..mg.dl.	LAT	clinics	-29.9706293706294	0.848394139836858	0	34.5020979020979	0.230912788428914	0	-29.9706293706294			0	Clinical chemistry parameters:Glucose mg/dl (mg/dl)	Clinical chemistry	chemistry_parameters_Glucose_mg_dl_mg_dl	Clinical.chemistry.parameters.Glucose.mg.dl..mg.dl.	-29.9706293706294	0.848394139836858	0	34.5020979020979	0.230912788428914	0	0.0579181545652858	0.0447324307006627	E	E	E
Clinical.chemistry.parameters.Glucose..mmol.l.	LAT	clinics	-1.66503496503496	0.848394139836858	0	1.91678321678322	0.230912788428914	0	-1.66503496503496			0	Clinical chemistry parameters:Glucose (mmol/l)	Clinical chemistry	chemistry_parameters_Glucose_mmol_l	Clinical.chemistry.parameters.Glucose..mmol.l.	-1.66503496503496	0.848394139836858	0	1.91678321678322	0.230912788428914	0	0.0579181545652858	0.0447324307006628	E	E	E
Test.de.Tolérance.au.Glucose..GTT..Glucose.auc.0.120...min.mg.dl.	LAT	clinics	-633.879120879121	0.916031852420545	0	-4298.51648351648	0.000626624792827661	1	-633.879120879121			0	Test de Tolérance au Glucose (GTT):Glucose auc(0-120) (min*mg/dl)	Glucose tolerance test	de_Tolérance_au_Glucose_GTT_Glucose_auc_0_120_min_mg_dl	Test.de.Tolérance.au.Glucose..GTT..Glucose.auc.0.120...min.mg.dl.	-633.879120879121	0.916031852420545	0	-4298.51648351648	0.000626624792827661	1	-0.108332154298463	0.0291648226461581	E	E	E
Open.field.test.Distance.periphery..cm.	LAT	clinics	329.782564102564	0.916031852420545	0	401.757142857143	0.410367191659653	0	329.782564102564			0	Open field test:Distance periphery (cm)	Open field	field_test_Distance_periphery_cm	Open.field.test.Distance.periphery..cm.	329.782564102564	0.916031852420545	0	401.757142857143	0.410367191659653	0	0.0142213747034061	-0.138668326302892	E	E	E
Open.field.test.Distance.center..cm.	LAT	clinics	-194.041538461538	0.916031852420545	0	150.221428571429	0.631999380027726	0	-194.041538461538			0	Open field test:Distance center (cm)	Open field	field_test_Distance_center_cm	Open.field.test.Distance.center..cm.	-194.041538461538	0.916031852420545	0	150.221428571429	0.631999380027726	0	-0.00345585851320558	-0.181490079930278	E	E	E
Test.de.Tolérance.au.Glucose..GTT..Glucose.auc.0.120...min.mmol.l.	LAT	clinics	-34.7142857142857	0.916031852420545	0	-236.472527472528	0.000626624792827661	1	-34.7142857142857			0	Test de Tolérance au Glucose (GTT):Glucose auc(0-120) (min*mmol/l)	Glucose tolerance test	de_Tolérance_au_Glucose_GTT_Glucose_auc_0_120_min_mmol_l	Test.de.Tolérance.au.Glucose..GTT..Glucose.auc.0.120...min.mmol.l.	-34.7142857142857	0.916031852420545	0	-236.472527472528	0.000626624792827661	1	-0.108331706957183	0.0293136208221171	E	E	E
Rotarod.test.Trial.2..s.	LAT	clinics	23.7589743589743	0.916031852420545	0	51.3571428571429	0.0533573614167157	0	23.7589743589743			0	Rotarod test:Trial 2 (s)	Rotarod	test_Trial_2_s	Rotarod.test.Trial.2..s.	23.7589743589743	0.916031852420545	0	51.3571428571429	0.0533573614167157	0	0.0598639228678589	-0.0707501558272904	E	E	E
Grip.test.Trial2..4paws...g.	LAT	clinics	14.3538461538461	0.916031852420545	0	-8.21428571428572	0.723562095816775	0	14.3538461538461			0	Grip test:Trial2 (4paws) (g)	Grip test	test_Trial2_4paws_g	Grip.test.Trial2..4paws...g.	14.3538461538461	0.916031852420545	0	-8.21428571428572	0.723562095816775	0	-0.0589504702396658	0.0616622641662697	E	E	E
Grip.test.Trial1..4paws...g.	LAT	clinics	13.0051282051282	0.916031852420545	0	-5	0.839960386364651	0	13.0051282051282			0	Grip test:Trial1 (4paws) (g)	Grip test	test_Trial1_4paws_g	Grip.test.Trial1..4paws...g.	13.0051282051282	0.916031852420545	0	-5	0.839960386364651	0	-0.0474147977059359	0.0493206183147304	E	E	E
Pavlovian.fear.conditioning.context.freezing.con.1	LAT	clinics	-12.4820512820513	0.916031852420545	0	-6.14285714285715	0.723562095816775	0	-12.4820512820513			0	Pavlovian fear conditioning:context freezing con-1	Pavlovian fear cond.	fear_conditioning_context_freezing_con_1	Pavlovian.fear.conditioning.context.freezing.con.1	-12.4820512820513	0.916031852420545	0	-6.14285714285715	0.723562095816775	0	0.00279753678200408	0.101954385506566	E	E	E
Grip.test.Grip.mean..4paws...g.	LAT	clinics	12.2026666666667	0.916031852420545	0	-5.66571428571427	0.799298999691581	0	12.2026666666667			0	Grip test:Grip mean (4paws) (g)	Grip test	test_Grip_mean_4paws_g	Grip.test.Grip.mean..4paws...g.	12.2026666666667	0.916031852420545	0	-5.66571428571427	0.799298999691581	0	-0.0538410320222242	0.0549597294895776	E	E	E
Echocardiography.using.the.Vevo.light.HR..bpm.	LAT	clinics	11.9230769230769	0.916031852420545	0	38.0714285714286	0.0199594037928992	1	11.9230769230769			0	Echocardiography using the Vevo light:HR (bpm)	Echocardiography	using_the_Vevo_light_HR_bpm	Echocardiography.using.the.Vevo.light.HR..bpm.	11.9230769230769	0.916031852420545	0	38.0714285714286	0.0199594037928992	1	0.0969635156922874	0.0500656929390355	E	E	E
Pavlovian.fear.conditioning.Freezing.Cue.1	LAT	clinics	10.5128205128205	0.916031852420545	0	25.5714285714286	0.0598614742143526	0	10.5128205128205			0	Pavlovian fear conditioning:Freezing Cue 1	Pavlovian fear cond.	fear_conditioning_Freezing_Cue_1	Pavlovian.fear.conditioning.Freezing.Cue.1	10.5128205128205	0.916031852420545	0	25.5714285714286	0.0598614742143526	0	0.0718301891422288	0.132964568352819	E	E	E
Pavlovian.fear.conditioning.Freezing.....Con.1	LAT	clinics	-10.4007179487179	0.916031852420545	0	-5.11857142857143	0.723562095816775	0	-10.4007179487179			0	Pavlovian fear conditioning:Freezing (%) Con-1	Pavlovian fear cond.	fear_conditioning_Freezing_Con_1	Pavlovian.fear.conditioning.Freezing.....Con.1	-10.4007179487179	0.916031852420545	0	-5.11857142857143	0.723562095816775	0	0.00279765237426573	0.10195332825459	E	E	E
Pavlovian.fear.conditioning.Freezing.....Cue.1	LAT	clinics	8.76215384615384	0.916031852420545	0	21.3085714285714	0.0598614742143526	0	8.76215384615384			0	Pavlovian fear conditioning:Freezing (%) Cue-1	Pavlovian fear cond.	fear_conditioning_Freezing_Cue_1	Pavlovian.fear.conditioning.Freezing.....Cue.1	8.76215384615384	0.916031852420545	0	21.3085714285714	0.0598614742143526	0	0.0718325099167263	0.132968060432	E	E	E
Auditory.startle.reflex.reactivity.and.PPI...P1...PP90	LAT	clinics	4.94615384615385	0.916031852420545	0	-4.47285714285714	0.517683314598154	0	4.94615384615385			0	Auditory startle reflex reactivity and PPI - P1:% PP90	Auditory and PPI	startle_reflex_reactivity_and_PPI_P1_PP90	Auditory.startle.reflex.reactivity.and.PPI...P1...PP90	4.94615384615385	0.916031852420545	0	-4.47285714285714	0.517683314598154	0	-0.0238602792124466	0.0214540908416842	E	E	E
Open.field.test...distance.in.the.Center.I2..cm.	LAT	clinics	-2.86615384615385	0.916031852420545	0	1.29285714285714	0.750818518196721	0	-2.86615384615385			0	Open field test:% distance in the Center I2 (cm)	Open field	field_test_distance_in_the_Center_I2_cm	Open.field.test...distance.in.the.Center.I2..cm.	-2.86615384615385	0.916031852420545	0	1.29285714285714	0.750818518196721	0	0.00800956837425006	-0.094499400067851	E	E	E
Open.field.test.Resting.Time.center..s.	LAT	clinics	-2.30358974358974	0.916031852420545	0	-3.02857142857143	0.342420738775044	0	-2.30358974358974			0	Open field test:Resting Time center (s)	Open field	field_test_Resting_Time_center_s	Open.field.test.Resting.Time.center..s.	-2.30358974358974	0.916031852420545	0	-3.02857142857143	0.342420738775044	0	-0.0525429497166289	-0.0169825690530571	E	E	E
Open.field.test...Time.Spent.in.the.Center.I2..cm.	LAT	clinics	-2.03897435897436	0.916031852420545	0	1.51428571428571	0.588355149100067	0	-2.03897435897436			0	Open field test:% Time Spent in the Center I2 (cm)	Open field	field_test_Time_Spent_in_the_Center_I2_cm	Open.field.test...Time.Spent.in.the.Center.I2..cm.	-2.03897435897436	0.916031852420545	0	1.51428571428571	0.588355149100067	0	0.0217778044300546	-0.102858910627278	E	E	E
Auditory.startle.reflex.reactivity.and.PPI...P1.BN..65.	LAT	clinics	1.67692307692308	0.916031852420545	0	0.828571428571429	0.737101592118995	0	1.67692307692308			0	Auditory startle reflex reactivity and PPI - P1:BN (65)	Auditory and PPI	startle_reflex_reactivity_and_PPI_P1_BN_65	Auditory.startle.reflex.reactivity.and.PPI...P1.BN..65.	1.67692307692308	0.916031852420545	0	0.828571428571429	0.737101592118995	0	0.0244177281686134	0.0484777001208906	E	E	E
ECG.in.anaesthetized.conditions.Pdur..ms.	LAT	clinics	-1.23179487179488	0.916031852420545	0	1.34285714285715	0.425656229310493	0	-1.23179487179488			0	ECG in anaesthetized conditions:Pdur (ms)	ECG	in_anaesthetized_conditions_Pdur_ms	ECG.in.anaesthetized.conditions.Pdur..ms.	-1.23179487179488	0.916031852420545	0	1.34285714285715	0.425656229310493	0	0.0153964758506661	-0.0628944585479932	E	E	E
Test.de.Tolérance.au.Glucose..GTT..Body.weight..g.	LAT	clinics	1.1576923076923	0.916031852420545	0	-4.46593406593407	5.57113073806425e-07	1	1.1576923076923			0	Test de Tolérance au Glucose (GTT):Body weight (g)	Glucose tolerance test	de_Tolérance_au_Glucose_GTT_Body_weight_g	Test.de.Tolérance.au.Glucose..GTT..Body.weight..g.	1.1576923076923	0.916031852420545	0	-4.46593406593407	5.57113073806425e-07	1	-0.15921540069048	0.00748612618822469	E	E	E
Clinical.chemistry.parameters.HDL.Chol...mmol.l.	LAT	clinics	-0.151748251748252	0.916031852420545	0	-0.291328671328671	0.0450416230970021	1	-0.151748251748252			0	Clinical chemistry parameters:HDL Chol. (mmol/l)	Clinical chemistry	chemistry_parameters_HDL_Chol_mmol_l	Clinical.chemistry.parameters.HDL.Chol...mmol.l.	-0.151748251748252	0.916031852420545	0	-0.291328671328671	0.0450416230970021	1	-0.0510630957691885	0.082696230706055	E	E	E
Ultrafocus...Densitométrie.osseuse.et.composition.corporelle.Body.length..cm.	LAT	clinics	0.123589743589744	0.916031852420545	0	-0.15	0.329836290120762	0	0.123589743589744			0	Ultrafocus - Densitométrie osseuse et composition corporelle:Body length (cm)	Body composition	Densitométrie_osseuse_et_composition_corporelle_Body_length_cm	Ultrafocus...Densitométrie.osseuse.et.composition.corporelle.Body.length..cm.	0.123589743589744	0.916031852420545	0	-0.15	0.329836290120762	0	-0.0953135470396059	-0.00913847021961392	E	E	E
Clinical.chemistry.parameters.T..bilirubin.mg.dl..mg.dl.	LAT	clinics	0.100192307692308	0.916031852420545	0	0.0392307692307692	0.737138216183935	0	0.100192307692308			0	Clinical chemistry parameters:T. bilirubin mg/dl (mg/dl)	Clinical chemistry	chemistry_parameters_T_bilirubin_mg_dl_mg_dl	Clinical.chemistry.parameters.T..bilirubin.mg.dl..mg.dl.	0.100192307692308	0.916031852420545	0	0.0392307692307692	0.737138216183935	0	0.0464111123950489	-0.00458534381597649	E	E	E
Rotarod.test.Mean.latency	LAT	clinics	14.8522564102564	0.922001173625693	0	53.5492857142857	0.0143085603079889	1	14.8522564102564			0	Rotarod test:Mean latency	Rotarod	test_Mean_latency	Rotarod.test.Mean.latency	14.8522564102564	0.922001173625693	0	53.5492857142857	0.0143085603079889	1	0.0677198711761986	-0.080697626493074	E	E	E
Open.field.test.Latency.center..s.	LAT	clinics	7.44615384615384	0.922001173625693	0	4.02857142857143	0.723562095816775	0	7.44615384615384			0	Open field test:Latency center (s)	Open field	field_test_Latency_center_s	Open.field.test.Latency.center..s.	7.44615384615384	0.922001173625693	0	4.02857142857143	0.723562095816775	0	0.0280441521033584	0.112536815050731	E	E	E
Open.field.test.Resting.Time.whole.arena..s.	LAT	clinics	-22.72	0.942521120990032	0	-6.37142857142862	0.873539137189559	0	-22.72			0	Open field test:Resting Time whole arena (s)	Open field	field_test_Resting_Time_whole_arena_s	Open.field.test.Resting.Time.whole.arena..s.	-22.72	0.942521120990032	0	-6.37142857142862	0.873539137189559	0	0.0153572897414288	0.14811479533317	E	E	E
Pavlovian.fear.conditioning.Freezing.conditioning.post.us1	LAT	clinics	-10.0717948717949	0.942521120990032	0	19.4285714285714	0.106846446376771	0	-10.0717948717949			0	Pavlovian fear conditioning:Freezing conditioning post-us1	Pavlovian fear cond.	fear_conditioning_Freezing_conditioning_post_us1	Pavlovian.fear.conditioning.Freezing.conditioning.post.us1	-10.0717948717949	0.942521120990032	0	19.4285714285714	0.106846446376771	0	0.0845135873810532	0.102445850951438	E	E	E
Grip.test.Trial3..4paws...g.	LAT	clinics	9.24615384615385	0.942521120990032	0	-3.78571428571428	0.873539137189559	0	9.24615384615385			0	Grip test:Trial3 (4paws) (g)	Grip test	test_Trial3_4paws_g	Grip.test.Trial3..4paws...g.	9.24615384615385	0.942521120990032	0	-3.78571428571428	0.873539137189559	0	-0.0480324076612464	0.0463535449392789	E	E	E
Pavlovian.fear.conditioning.Freezing.Cue.2	LAT	clinics	6.85128205128206	0.942521120990032	0	45.7142857142857	0.000495181426475369	1	6.85128205128206			0	Pavlovian fear conditioning:Freezing Cue 2	Pavlovian fear cond.	fear_conditioning_Freezing_Cue_2	Pavlovian.fear.conditioning.Freezing.Cue.2	6.85128205128206	0.942521120990032	0	45.7142857142857	0.000495181426475369	1	0.112099331801542	0.0779514252034129	E	E	E
Echocardiography.using.the.Vevo.light.LV.Mass.AW..mg.	LAT	clinics	-6.1723076923077	0.942521120990032	0	-10.3142857142857	0.410367191659653	0	-6.1723076923077			0	Echocardiography using the Vevo light:LV Mass AW (mg)	Echocardiography	using_the_Vevo_light_LV_Mass_AW_mg	Echocardiography.using.the.Vevo.light.LV.Mass.AW..mg.	-6.1723076923077	0.942521120990032	0	-10.3142857142857	0.410367191659653	0	-0.08517562867384	-0.0132403424999673	E	E	E
Test.de.Tolérance.au.Glucose..GTT..Glucose.T120..mg.dl.	LAT	clinics	5.89560439560439	0.942521120990032	0	-21.4725274725275	0.000265219103887625	1	5.89560439560439			0	Test de Tolérance au Glucose (GTT):Glucose T120 (mg/dl)	Glucose tolerance test	de_Tolérance_au_Glucose_GTT_Glucose_T120_mg_dl	Test.de.Tolérance.au.Glucose..GTT..Glucose.T120..mg.dl.	5.89560439560439	0.942521120990032	0	-21.4725274725275	0.000265219103887625	1	-0.12943481016648	0.00698750158118596	E	E	E
Pavlovian.fear.conditioning.Freezing.....Cue.2	LAT	clinics	5.70994871794871	0.942521120990032	0	38.0957142857143	0.000495181426475369	1	5.70994871794871			0	Pavlovian fear conditioning:Freezing (%) Cue-2	Pavlovian fear cond.	fear_conditioning_Freezing_Cue_2	Pavlovian.fear.conditioning.Freezing.....Cue.2	5.70994871794871	0.942521120990032	0	38.0957142857143	0.000495181426475369	1	0.112098581497447	0.0779464238002626	E	E	E
Pavlovian.fear.conditioning.Freezing.Pre.cue.2	LAT	clinics	5.17948717948718	0.942521120990032	0	8.14285714285714	0.410367191659653	0	5.17948717948718			0	Pavlovian fear conditioning:Freezing Pre-cue 2	Pavlovian fear cond.	fear_conditioning_Freezing_Pre_cue_2	Pavlovian.fear.conditioning.Freezing.Pre.cue.2	5.17948717948718	0.942521120990032	0	8.14285714285714	0.410367191659653	0	0.0675143322411362	0.141381402411456	E	E	E
Echocardiography.using.the.Vevo.light.LV.Mass.AW..Corrected...mg.	LAT	clinics	-4.93902564102564	0.942521120990032	0	-8.25071428571428	0.410367191659653	0	-4.93902564102564			0	Echocardiography using the Vevo light:LV Mass AW (Corrected) (mg)	Echocardiography	using_the_Vevo_light_LV_Mass_AW_Corrected_mg	Echocardiography.using.the.Vevo.light.LV.Mass.AW..Corrected...mg.	-4.93902564102564	0.942521120990032	0	-8.25071428571428	0.410367191659653	0	-0.0851726260390221	-0.0132473855749466	E	E	E
ECG.in.anaesthetized.conditions.QT.corrigé..ms.Corr.	LAT	clinics	4.60215384615384	0.942521120990032	0	-1.91571428571429	0.873539137189559	0	4.60215384615384			0	ECG in anaesthetized conditions:QT corrigé (ms Corr)	ECG	in_anaesthetized_conditions_QT_corrigé_ms_Corr	ECG.in.anaesthetized.conditions.QT.corrigé..ms.Corr.	4.60215384615384	0.942521120990032	0	-1.91571428571429	0.873539137189559	0	-0.02847070677197	0.00840981218498477	E	E	E
Open.field.test.Number.of.Rearings.I4	LAT	clinics	4.34871794871795	0.942521120990032	0	-3	0.723562095816775	0	4.34871794871795			0	Open field test:Number of Rearings I4	Open field	field_test_Number_of_Rearings_I4	Open.field.test.Number.of.Rearings.I4	4.34871794871795	0.942521120990032	0	-3	0.723562095816775	0	-0.0315420430391707	-0.0804324564480531	E	E	E
Open.field.test.Number.of.Rearings.I2	LAT	clinics	-3.52820512820513	0.942521120990032	0	-4.85714285714285	0.467829840627746	0	-3.52820512820513			0	Open field test:Number of Rearings I2	Open field	field_test_Number_of_Rearings_I2	Open.field.test.Number.of.Rearings.I2	-3.52820512820513	0.942521120990032	0	-4.85714285714285	0.467829840627746	0	-0.0539969584372818	-0.0709678060054915	E	E	E
ECG.in.anaesthetized.conditions.QT..ms.	LAT	clinics	2.28784615384615	0.942521120990032	0	-3.12214285714285	0.410367191659653	0	2.28784615384615			0	ECG in anaesthetized conditions:QT (ms)	ECG	in_anaesthetized_conditions_QT_ms	ECG.in.anaesthetized.conditions.QT..ms.	2.28784615384615	0.942521120990032	0	-3.12214285714285	0.410367191659653	0	-0.0524858860146985	-0.0114039861639759	E	E	E
Open.field.test...distance.in.the.Center.I4..cm.	LAT	clinics	-2.14410256410256	0.942521120990032	0	2.15	0.537071618037714	0	-2.14410256410256			0	Open field test:% distance in the Center I4 (cm)	Open field	field_test_distance_in_the_Center_I4_cm	Open.field.test...distance.in.the.Center.I4..cm.	-2.14410256410256	0.942521120990032	0	2.15	0.537071618037714	0	0.0285208093142471	-0.090540337241509	E	E	E
Auditory.startle.reflex.reactivity.and.PPI...P1.P70	LAT	clinics	-1.97538461538462	0.942521120990032	0	1.77142857142857	0.704763585785359	0	-1.97538461538462			0	Auditory startle reflex reactivity and PPI - P1:P70	Auditory and PPI	startle_reflex_reactivity_and_PPI_P1_P70	Auditory.startle.reflex.reactivity.and.PPI...P1.P70	-1.97538461538462	0.942521120990032	0	1.77142857142857	0.704763585785359	0	0.0333913318266709	-0.0293410020697931	E	E	E
Ultrafocus...Densitométrie.osseuse.et.composition.corporelle.fat.percent....	LAT	clinics	1.36594871794872	0.942521120990032	0	-5.68285714285714	0.000183588547645561	1	1.36594871794872			0	Ultrafocus - Densitométrie osseuse et composition corporelle:fat percent (%)	Body composition	Densitométrie_osseuse_et_composition_corporelle_fat_percent	Ultrafocus...Densitométrie.osseuse.et.composition.corporelle.fat.percent....	1.36594871794872	0.942521120990032	0	-5.68285714285714	0.000183588547645561	1	-0.0894954953748205	0.0116871045086604	E	E	E
Ultrafocus...Densitométrie.osseuse.et.composition.corporelle.lean.percent....	LAT	clinics	-1.36594871794871	0.942521120990032	0	5.68285714285715	0.000183588547645561	1	-1.36594871794871			0	Ultrafocus - Densitométrie osseuse et composition corporelle:lean percent (%)	Body composition	Densitométrie_osseuse_et_composition_corporelle_lean_percent	Ultrafocus...Densitométrie.osseuse.et.composition.corporelle.lean.percent....	-1.36594871794871	0.942521120990032	0	5.68285714285715	0.000183588547645561	1	0.0895207402697673	-0.0117323755223168	E	E	E
Hot.plate.test.Hot.plate.1..s.	LAT	clinics	1.18635897435897	0.942521120990032	0	0.0428571428571427	0.996835825592045	0	1.18635897435897			0	Hot plate test:Hot plate 1 (s)	Hot plate	plate_test_Hot_plate_1_s	Hot.plate.test.Hot.plate.1..s.	1.18635897435897	0.942521120990032	0	0.0428571428571427	0.996835825592045	0	0.0196838040514059	-0.0316435027152243	E	E	E
Clinical.chemistry.parameters.Albumin..g.l.	LAT	clinics	0.76923076923077	0.942521120990032	0	0.923076923076923	0.459230599848121	0	0.76923076923077			0	Clinical chemistry parameters:Albumin (g/l)	Clinical chemistry	chemistry_parameters_Albumin_g_l	Clinical.chemistry.parameters.Albumin..g.l.	0.76923076923077	0.942521120990032	0	0.923076923076923	0.459230599848121	0	0.0768048734382534	0.00757695400575876	E	E	E
Ultrafocus...Densitométrie.osseuse.et.composition.corporelle.fat.weight..g.	LAT	clinics	0.444871794871795	0.942521120990032	0	-1.96357142857143	8.57446964238135e-06	1	0.444871794871795			0	Ultrafocus - Densitométrie osseuse et composition corporelle:fat weight (g)	Body composition	Densitométrie_osseuse_et_composition_corporelle_fat_weight_g	Ultrafocus...Densitométrie.osseuse.et.composition.corporelle.fat.weight..g.	0.444871794871795	0.942521120990032	0	-1.96357142857143	8.57446964238135e-06	1	-0.120240880807413	0.0152269573608323	E	E	E
Test.de.Tolérance.au.Glucose..GTT..Glucose.T120..mmol.l.	LAT	clinics	0.326923076923077	0.942521120990032	0	-1.17252747252747	0.000404335813522789	1	0.326923076923077			0	Test de Tolérance au Glucose (GTT):Glucose T120 (mmol/l)	Glucose tolerance test	de_Tolérance_au_Glucose_GTT_Glucose_T120_mmol_l	Test.de.Tolérance.au.Glucose..GTT..Glucose.T120..mmol.l.	0.326923076923077	0.942521120990032	0	-1.17252747252747	0.000404335813522789	1	-0.130628495419264	0.00546571734227802	E	E	E
Grip.test.Grip.mean.ratio.4paws...g.g.	LAT	clinics	0.289282051282051	0.942521120990032	0	1.865	0.00139041966684974	1	0.289282051282051			0	Grip test:Grip mean ratio(4paws) (g/g)	Grip test	test_Grip_mean_ratio_4paws_g_g	Grip.test.Grip.mean.ratio.4paws...g.g.	0.289282051282051	0.942521120990032	0	1.865	0.00139041966684974	1	0.0805653479028533	0.0474969361583528	E	E	E
Eye.Morphology.Body.weight..g.	LAT	clinics	-0.242051282051282	0.942521120990032	0	-4.8	3.18380328343578e-07	1	-0.242051282051282			0	Eye Morphology:Body weight (g)	Eye	Morphology_Body_weight_g	Eye.Morphology.Body.weight..g.	-0.242051282051282	0.942521120990032	0	-4.8	3.18380328343578e-07	1	-0.135934570024248	0.0254751428116039	E	E	E
Hot.plate.test.Body.weight..g.	LAT	clinics	-0.242051282051282	0.942521120990032	0	-4.8	3.18380328343578e-07	1	-0.242051282051282			0	Hot plate test:Body weight (g)	Hot plate	plate_test_Body_weight_g	Hot.plate.test.Body.weight..g.	-0.242051282051282	0.942521120990032	0	-4.8	3.18380328343578e-07	1	-0.135934570024248	0.0254751428116039	E	E	E
ECG.in.anaesthetized.conditions.Ramp..mv.	LAT	clinics	-0.0935897435897436	0.942521120990032	0	0.0750000000000001	0.704763585785359	0	-0.0935897435897436			0	ECG in anaesthetized conditions:Ramp (mv)	ECG	in_anaesthetized_conditions_Ramp_mv	ECG.in.anaesthetized.conditions.Ramp..mv.	-0.0935897435897436	0.942521120990032	0	0.0750000000000001	0.704763585785359	0	-0.015178667429678	-0.0502403511486691	E	E	E
Open.field.test...Time.Spent.in.the.Center.I4..cm.	LAT	clinics	-1.32051282051282	0.965662383032763	0	0.607142857142856	0.873539137189559	0	-1.32051282051282			0	Open field test:% Time Spent in the Center I4 (cm)	Open field	field_test_Time_Spent_in_the_Center_I4_cm	Open.field.test...Time.Spent.in.the.Center.I4..cm.	-1.32051282051282	0.965662383032763	0	0.607142857142856	0.873539137189559	0	0.010209535853291	-0.0923530414500782	E	E	E
Open.field.test.Resting.Time.periphery..s.	LAT	clinics	-20.4451282051282	0.979019882524981	0	-3.34285714285716	0.959466114138758	0	-20.4451282051282			0	Open field test:Resting Time periphery (s)	Open field	field_test_Resting_Time_periphery_s	Open.field.test.Resting.Time.periphery..s.	-20.4451282051282	0.979019882524981	0	-3.34285714285716	0.959466114138758	0	0.0197844491901411	0.149134659202478	E	E	E
Test.de.Tolérance.au.Glucose..GTT..Glucose.auc.positive..0.120...min.mg.dl.	LAT	clinics	790.79120879121	0.984617370016117	0	-5349.34065934066	0.000168501869436246	1	790.79120879121			0	Test de Tolérance au Glucose (GTT):Glucose auc positive (0-120) (min*mg/dl)	Glucose tolerance test	de_Tolérance_au_Glucose_GTT_Glucose_auc_positive_0_120_min_mg_dl	Test.de.Tolérance.au.Glucose..GTT..Glucose.auc.positive..0.120...min.mg.dl.	790.79120879121	0.984617370016117	0	-5349.34065934066	0.000168501869436246	1	-0.119642559439916	0.0358142645163962	E	E	E
Open.field.test.Dist.global..cm.	LAT	clinics	135.793846153845	0.984617370016117	0	552	0.410367191659653	0	135.793846153845			0	Open field test:Dist global (cm)	Open field	field_test_Dist_global_cm	Open.field.test.Dist.global..cm.	135.793846153845	0.984617370016117	0	552	0.410367191659653	0	0.00945291729242345	-0.174038602195495	E	E	E
Open.field.test.Distance.whole.arena..cm.	LAT	clinics	135.793846153845	0.984617370016117	0	552	0.410367191659653	0	135.793846153845			0	Open field test:Distance whole arena (cm)	Open field	field_test_Distance_whole_arena_cm	Open.field.test.Distance.whole.arena..cm.	135.793846153845	0.984617370016117	0	552	0.410367191659653	0	0.00945291729242345	-0.174038602195495	E	E	E
Auditory.startle.reflex.reactivity.and.PPI...P1.ST110	LAT	clinics	82.1620512820513	0.984617370016117	0	-371.871428571429	0.0302331293833694	1	82.1620512820513			0	Auditory startle reflex reactivity and PPI - P1:ST110	Auditory and PPI	startle_reflex_reactivity_and_PPI_P1_ST110	Auditory.startle.reflex.reactivity.and.PPI...P1.ST110	82.1620512820513	0.984617370016117	0	-371.871428571429	0.0302331293833694	1	-0.105205116797782	0.0598553648239943	E	E	E
Auditory.startle.reflex.reactivity.and.PPI...P1.PP70	LAT	clinics	77.0641025641027	0.984617370016117	0	-336.264285714286	0.0405105658777105	1	77.0641025641027			0	Auditory startle reflex reactivity and PPI - P1:PP70	Auditory and PPI	startle_reflex_reactivity_and_PPI_P1_PP70	Auditory.startle.reflex.reactivity.and.PPI...P1.PP70	77.0641025641027	0.984617370016117	0	-336.264285714286	0.0405105658777105	1	-0.105353891495021	0.0696320996078006	E	E	E
Open.field.test.Dist.I1..cm.	LAT	clinics	60.2948717948721	0.984617370016117	0	111.478571428571	0.627520451223527	0	60.2948717948721			0	Open field test:Dist I1 (cm)	Open field	field_test_Dist_I1_cm	Open.field.test.Dist.I1..cm.	60.2948717948721	0.984617370016117	0	111.478571428571	0.627520451223527	0	-0.00948782051694349	-0.158873067620837	E	E	E
Auditory.startle.reflex.reactivity.and.PPI...P1.PP75	LAT	clinics	57.4948717948718	0.984617370016117	0	-227.035714285714	0.0658544967391589	0	57.4948717948718			0	Auditory startle reflex reactivity and PPI - P1:PP75	Auditory and PPI	startle_reflex_reactivity_and_PPI_P1_PP75	Auditory.startle.reflex.reactivity.and.PPI...P1.PP75	57.4948717948718	0.984617370016117	0	-227.035714285714	0.0658544967391589	0	-0.0978397755271978	0.0510830920618155	E	E	E
Open.field.test.Dist.I2..cm.	LAT	clinics	50.8425641025642	0.984617370016117	0	84.1499999999996	0.588355149100067	0	50.8425641025642			0	Open field test:Dist I2 (cm)	Open field	field_test_Dist_I2_cm	Open.field.test.Dist.I2..cm.	50.8425641025642	0.984617370016117	0	84.1499999999996	0.588355149100067	0	0.00705604806830952	-0.157277011648523	E	E	E
Test.de.Tolérance.au.Glucose..GTT..Glucose.auc.positive..0.120...min.mmol.l.	LAT	clinics	43.5769230769231	0.984617370016117	0	-294.291208791209	0.000168501869436246	1	43.5769230769231			0	Test de Tolérance au Glucose (GTT):Glucose auc positive (0-120) (min*mmol/l)	Glucose tolerance test	de_Tolérance_au_Glucose_GTT_Glucose_auc_positive_0_120_min_mmol_l	Test.de.Tolérance.au.Glucose..GTT..Glucose.auc.positive..0.120...min.mmol.l.	43.5769230769231	0.984617370016117	0	-294.291208791209	0.000168501869436246	1	-0.11963432618002	0.0359085588176609	E	E	E
Open.field.test.Dist.I3..cm.	LAT	clinics	23.6594871794871	0.984617370016117	0	127.057142857143	0.595709220818732	0	23.6594871794871			0	Open field test:Dist I3 (cm)	Open field	field_test_Dist_I3_cm	Open.field.test.Dist.I3..cm.	23.6594871794871	0.984617370016117	0	127.057142857143	0.595709220818732	0	0.00419359197575557	-0.140911973425271	E	E	E
Auditory.startle.reflex.reactivity.and.PPI...P1.PP85	LAT	clinics	22.214358974359	0.984617370016117	0	-105.571428571429	0.395704925858921	0	22.214358974359			0	Auditory startle reflex reactivity and PPI - P1:PP85	Auditory and PPI	startle_reflex_reactivity_and_PPI_P1_PP85	Auditory.startle.reflex.reactivity.and.PPI...P1.PP85	22.214358974359	0.984617370016117	0	-105.571428571429	0.395704925858921	0	-0.0707994957455939	0.0234969268146329	E	E	E
ECG.in.anaesthetized.conditions.HR..bpm.	LAT	clinics	-13.8871794871795	0.984617370016117	0	46.5714285714286	0.0405105658777105	1	-13.8871794871795			0	ECG in anaesthetized conditions:HR (bpm)	ECG	in_anaesthetized_conditions_HR_bpm	ECG.in.anaesthetized.conditions.HR..bpm.	-13.8871794871795	0.984617370016117	0	46.5714285714286	0.0405105658777105	1	0.0673318823505154	0.0338990225094935	E	E	E
Pavlovian.fear.conditioning.freezing.total.context	LAT	clinics	-13.8461538461538	0.984617370016117	0	30.5714285714286	0.478730468181349	0	-13.8461538461538			0	Pavlovian fear conditioning:freezing total context	Pavlovian fear cond.	fear_conditioning_freezing_total_context	Pavlovian.fear.conditioning.freezing.total.context	-13.8461538461538	0.984617370016117	0	30.5714285714286	0.478730468181349	0	0.0650692181018421	0.123174167121486	E	E	E
Rotarod.test.Trial.3..s.	LAT	clinics	10.425641025641	0.984617370016117	0	57.2142857142857	0.0381020733673559	1	10.425641025641			0	Rotarod test:Trial 3 (s)	Rotarod	test_Trial_3_s	Rotarod.test.Trial.3..s.	10.425641025641	0.984617370016117	0	57.2142857142857	0.0381020733673559	1	0.0742786675708503	-0.0790160345731704	E	E	E
Rotarod.test.Trial.1..s.	LAT	clinics	10.374358974359	0.984617370016117	0	52.0714285714286	0.0645577361343736	0	10.374358974359			0	Rotarod test:Trial 1 (s)	Rotarod	test_Trial_1_s	Rotarod.test.Trial.1..s.	10.374358974359	0.984617370016117	0	52.0714285714286	0.0645577361343736	0	0.0387431085998811	-0.0561672578739663	E	E	E
Auditory.startle.reflex.reactivity.and.PPI...P1.P85	LAT	clinics	-9.23897435897436	0.984617370016117	0	-11.3428571428571	0.725684948884197	0	-9.23897435897436			0	Auditory startle reflex reactivity and PPI - P1:P85	Auditory and PPI	startle_reflex_reactivity_and_PPI_P1_P85	Auditory.startle.reflex.reactivity.and.PPI...P1.P85	-9.23897435897436	0.984617370016117	0	-11.3428571428571	0.725684948884197	0	0.00940478137327196	0.0307413746384653	E	E	E
ECG.in.anaesthetized.conditions.Number.of.signals	LAT	clinics	-6.73846153846152	0.984617370016117	0	-28.1428571428571	0.410367191659653	0	-6.73846153846152			0	ECG in anaesthetized conditions:Number of signals	ECG	in_anaesthetized_conditions_Number_of_signals	ECG.in.anaesthetized.conditions.Number.of.signals	-6.73846153846152	0.984617370016117	0	-28.1428571428571	0.410367191659653	0	-0.075527877693468	0.0331916105589829	E	E	E
Clinical.chemistry.parameters.TG.mg.dl..mg.dl.	LAT	clinics	-4.96594405594405	0.984617370016117	0	-8.70062937062937	0.728634223526423	0	-4.96594405594405			0	Clinical chemistry parameters:TG mg/dl (mg/dl)	Clinical chemistry	chemistry_parameters_TG_mg_dl_mg_dl	Clinical.chemistry.parameters.TG.mg.dl..mg.dl.	-4.96594405594405	0.984617370016117	0	-8.70062937062937	0.728634223526423	0	-0.0175673303423446	-0.0247373263609057	E	E	E
Auditory.startle.reflex.reactivity.and.PPI...P1...PP70	LAT	clinics	-4.40230769230769	0.984617370016117	0	8.27928571428571	0.517683314598154	0	-4.40230769230769			0	Auditory startle reflex reactivity and PPI - P1:% PP70	Auditory and PPI	startle_reflex_reactivity_and_PPI_P1_PP70	Auditory.startle.reflex.reactivity.and.PPI...P1...PP70	-4.40230769230769	0.984617370016117	0	8.27928571428571	0.517683314598154	0	0.0499537440402989	-0.0501612800829102	E	E	E
Auditory.startle.reflex.reactivity.and.PPI...P1...PP75	LAT	clinics	-4.26205128205128	0.984617370016117	0	5.82428571428571	0.588355149100067	0	-4.26205128205128			0	Auditory startle reflex reactivity and PPI - P1:% PP75	Auditory and PPI	startle_reflex_reactivity_and_PPI_P1_PP75	Auditory.startle.reflex.reactivity.and.PPI...P1...PP75	-4.26205128205128	0.984617370016117	0	5.82428571428571	0.588355149100067	0	0.0423211569965959	-0.0329139772110471	E	E	E
Test.de.Tolérance.au.Glucose..GTT..Glucose.T15..mg.dl.	LAT	clinics	-3.93406593406593	0.984617370016117	0	1.11538461538464	0.996835825592045	0	-3.93406593406593			0	Test de Tolérance au Glucose (GTT):Glucose T15 (mg/dl)	Glucose tolerance test	de_Tolérance_au_Glucose_GTT_Glucose_T15_mg_dl	Test.de.Tolérance.au.Glucose..GTT..Glucose.T15..mg.dl.	-3.93406593406593	0.984617370016117	0	1.11538461538464	0.996835825592045	0	-0.000645415672603395	-0.00293636962246191	E	E	E
Pavlovian.fear.conditioning.Freezing.....total	LAT	clinics	-3.84497435897436	0.984617370016117	0	8.49071428571429	0.478730468181349	0	-3.84497435897436			0	Pavlovian fear conditioning:Freezing (%) total	Pavlovian fear cond.	fear_conditioning_Freezing_total	Pavlovian.fear.conditioning.Freezing.....total	-3.84497435897436	0.984617370016117	0	8.49071428571429	0.478730468181349	0	0.065068774539773	0.123177471842288	E	E	E
Pavlovian.fear.conditioning.context.freezing.con.2	LAT	clinics	-3.58974358974358	0.984617370016117	0	12.5714285714286	0.456259544138462	0	-3.58974358974358			0	Pavlovian fear conditioning:context freezing con-2	Pavlovian fear cond.	fear_conditioning_context_freezing_con_2	Pavlovian.fear.conditioning.context.freezing.con.2	-3.58974358974358	0.984617370016117	0	12.5714285714286	0.456259544138462	0	0.0689126497617224	0.128474849119209	E	E	E
Grip.test.Trial.1..g.	LAT	clinics	-3.35384615384616	0.984617370016117	0	-18	0.0522397836959456	0	-3.35384615384616			0	Grip test:Trial 1 (g)	Grip test	test_Trial_1_g	Grip.test.Trial.1..g.	-3.35384615384616	0.984617370016117	0	-18	0.0522397836959456	0	-0.0858317695066889	0.0386834510893831	E	E	E
Open.field.test.NEntries.center	LAT	clinics	-3.30256410256411	0.984617370016117	0	13	0.148517823461781	0	-3.30256410256411			0	Open field test:NEntries center	Open field	field_test_NEntries_center	Open.field.test.NEntries.center	-3.30256410256411	0.984617370016117	0	13	0.148517823461781	0	0.0303922849096469	-0.168697490694365	E	E	E
Grip.test.Trial.3..g.	LAT	clinics	3.27179487179487	0.984617370016117	0	-19.5714285714286	0.035727610483822	1	3.27179487179487			0	Grip test:Trial 3 (g)	Grip test	test_Trial_3_g	Grip.test.Trial.3..g.	3.27179487179487	0.984617370016117	0	-19.5714285714286	0.035727610483822	1	-0.0988201285593276	0.0461405086256088	E	E	E
Pavlovian.fear.conditioning.Freezing.....Con.2	LAT	clinics	-2.99071794871795	0.984617370016117	0	10.475	0.456259544138462	0	-2.99071794871795			0	Pavlovian fear conditioning:Freezing (%) Con-2	Pavlovian fear cond.	fear_conditioning_Freezing_Con_2	Pavlovian.fear.conditioning.Freezing.....Con.2	-2.99071794871795	0.984617370016117	0	10.475	0.456259544138462	0	0.0689061555946469	0.128476756549613	E	E	E
Anapath.A2.heart..mg...mg.	LAT	clinics	-2.96923076923076	0.984617370016117	0	-22.0714285714286	0.0201955394986722	1	-2.96923076923076			0	Anapath:A2 heart (mg) (mg)	Anapath	A2_heart_mg_mg	Anapath.A2.heart..mg...mg.	-2.96923076923076	0.984617370016117	0	-22.0714285714286	0.0201955394986722	1	-0.113811365360921	0.044335029541626	E	E	E
ECG.in.anaesthetized.conditions.RR..ms.	LAT	clinics	2.69333333333333	0.984617370016117	0	-14.9257142857143	0.0405648743994091	1	2.69333333333333			0	ECG in anaesthetized conditions:RR (ms)	ECG	in_anaesthetized_conditions_RR_ms	ECG.in.anaesthetized.conditions.RR..ms.	2.69333333333333	0.984617370016117	0	-14.9257142857143	0.0405648743994091	1	-0.0647729585750432	-0.0375112874880234	E	E	E
Clinical.chemistry.parameters.T..Chol..mg.dl..mg.dl.	LAT	clinics	-2.68160256410256	0.984617370016117	0	-7.42897435897436	0.330445220399782	0	-2.68160256410256			0	Clinical chemistry parameters:T. Chol. mg/dl (mg/dl)	Clinical chemistry	chemistry_parameters_T_Chol_mg_dl_mg_dl	Clinical.chemistry.parameters.T..Chol..mg.dl..mg.dl.	-2.68160256410256	0.984617370016117	0	-7.42897435897436	0.330445220399782	0	-0.00542325058898478	0.0882033090452224	E	E	E
Pavlovian.fear.conditioning.context.freezing.con.3	LAT	clinics	2.22564102564102	0.984617370016117	0	24.1428571428571	0.0533573614167157	0	2.22564102564102			0	Pavlovian fear conditioning:context freezing con-3	Pavlovian fear cond.	fear_conditioning_context_freezing_con_3	Pavlovian.fear.conditioning.context.freezing.con.3	2.22564102564102	0.984617370016117	0	24.1428571428571	0.0533573614167157	0	0.0927919763095512	0.0810837405310176	E	E	E
Auditory.startle.reflex.reactivity.and.PPI...P1...PP85	LAT	clinics	2.14564102564103	0.984617370016117	0	-3.77571428571429	0.71839330761573	0	2.14564102564103			0	Auditory startle reflex reactivity and PPI - P1:% PP85	Auditory and PPI	startle_reflex_reactivity_and_PPI_P1_PP85	Auditory.startle.reflex.reactivity.and.PPI...P1...PP85	2.14564102564103	0.984617370016117	0	-3.77571428571429	0.71839330761573	0	-0.00729740656615142	0.0117791971304673	E	E	E
Pavlovian.fear.conditioning.Freezing.....Con.3	LAT	clinics	1.85364102564102	0.984617370016117	0	20.12	0.0533573614167157	0	1.85364102564102			0	Pavlovian fear conditioning:Freezing (%) Con-3	Pavlovian fear cond.	fear_conditioning_Freezing_Con_3	Pavlovian.fear.conditioning.Freezing.....Con.3	1.85364102564102	0.984617370016117	0	20.12	0.0533573614167157	0	0.0927939692650118	0.0810753963320079	E	E	E
Open.field.test...distance.in.the.Center.I3..cm.	LAT	clinics	-1.82717948717949	0.984617370016117	0	2.92142857142857	0.482078672995775	0	-1.82717948717949			0	Open field test:% distance in the Center I3 (cm)	Open field	field_test_distance_in_the_Center_I3_cm	Open.field.test...distance.in.the.Center.I3..cm.	-1.82717948717949	0.984617370016117	0	2.92142857142857	0.482078672995775	0	-0.00974201061027136	-0.11650667635585	E	E	E
Clinical.chemistry.parameters.Urea.mg.dl..mg.dl.	LAT	clinics	-1.82517482517483	0.984617370016117	0	-1.2965034965035	0.782246453672174	0	-1.82517482517483			0	Clinical chemistry parameters:Urea mg/dl (mg/dl)	Clinical chemistry	chemistry_parameters_Urea_mg_dl_mg_dl	Clinical.chemistry.parameters.Urea.mg.dl..mg.dl.	-1.82517482517483	0.984617370016117	0	-1.2965034965035	0.782246453672174	0	-0.00437297600434578	-0.0448962965980808	E	E	E
ECG.in.anaesthetized.conditions.ST..ms.	LAT	clinics	1.77466666666667	0.984617370016117	0	-2.92857142857143	0.433211800324187	0	1.77466666666667			0	ECG in anaesthetized conditions:ST (ms)	ECG	in_anaesthetized_conditions_ST_ms	ECG.in.anaesthetized.conditions.ST..ms.	1.77466666666667	0.984617370016117	0	-2.92857142857143	0.433211800324187	0	-0.0505402851483225	-0.0215686511192808	E	E	E
Open.field.test...Time.Spent.in.the.Center.I3..cm.	LAT	clinics	-1.65846153846154	0.984617370016117	0	2	0.595709220818732	0	-1.65846153846154			0	Open field test:% Time Spent in the Center I3 (cm)	Open field	field_test_Time_Spent_in_the_Center_I3_cm	Open.field.test...Time.Spent.in.the.Center.I3..cm.	-1.65846153846154	0.984617370016117	0	2	0.595709220818732	0	-0.00971611389283805	-0.127474763262334	E	E	E
Echocardiography.using.the.Vevo.light.LV.Vol_s..uL.	LAT	clinics	-1.63328205128205	0.984617370016117	0	-2.47928571428572	0.737138216183935	0	-1.63328205128205			0	Echocardiography using the Vevo light:LV Vol_s (uL)	Echocardiography	using_the_Vevo_light_LV_Vol_s_uL	Echocardiography.using.the.Vevo.light.LV.Vol_s..uL.	-1.63328205128205	0.984617370016117	0	-2.47928571428572	0.737138216183935	0	-0.0695863325684892	-0.0167695747808028	E	E	E
Open.field.test.Number.of.Rearings.I1	LAT	clinics	-1.2974358974359	0.984617370016117	0	0.0714285714285694	0.996835825592045	0	-1.2974358974359			0	Open field test:Number of Rearings I1	Open field	field_test_Number_of_Rearings_I1	Open.field.test.Number.of.Rearings.I1	-1.2974358974359	0.984617370016117	0	0.0714285714285694	0.996835825592045	0	-0.0284980087576789	-0.102168768715928	E	E	E
Open.field.test.Number.of.Rearings.global	LAT	clinics	-1.17948717948718	0.984617370016117	0	-11.5714285714286	0.689535827262869	0	-1.17948717948718			0	Open field test:Number of Rearings global	Open field	field_test_Number_of_Rearings_global	Open.field.test.Number.of.Rearings.global	-1.17948717948718	0.984617370016117	0	-11.5714285714286	0.689535827262869	0	-0.0501556885313069	-0.0963120318896135	E	E	E
Pavlovian.fear.conditioning.Freezing.Pre.cue.1	LAT	clinics	-1.05641025641026	0.984617370016117	0	3	0.754787885591698	0	-1.05641025641026			0	Pavlovian fear conditioning:Freezing Pre-cue 1	Pavlovian fear cond.	fear_conditioning_Freezing_Pre_cue_1	Pavlovian.fear.conditioning.Freezing.Pre.cue.1	-1.05641025641026	0.984617370016117	0	3	0.754787885591698	0	0.0501997485071046	0.070725527930105	E	E	E
ECG.in.anaesthetized.conditions.PR..ms.	LAT	clinics	-1.04358974358974	0.984617370016117	0	3.26428571428571	0.0876652891232948	0	-1.04358974358974			0	ECG in anaesthetized conditions:PR (ms)	ECG	in_anaesthetized_conditions_PR_ms	ECG.in.anaesthetized.conditions.PR..ms.	-1.04358974358974	0.984617370016117	0	3.26428571428571	0.0876652891232948	0	0.0334058017502466	-0.0424406548763003	E	E	E
Open.field.test.Dist.I4..cm.	LAT	clinics	0.974871794871888	0.984617370016117	0	229.335714285714	0.188235503134849	0	0.974871794871888			0	Open field test:Dist I4 (cm)	Open field	field_test_Dist_I4_cm	Open.field.test.Dist.I4..cm.	0.974871794871888	0.984617370016117	0	229.335714285714	0.188235503134849	0	0.0320479940944431	-0.152026809960655	E	E	E
Clinical.chemistry.parameters.Blood.Urea.Nitrogen.mg.dl..mg.dl.	LAT	clinics	-0.851958041958046	0.984617370016117	0	-0.604825174825173	0.782246453672174	0	-0.851958041958046			0	Clinical chemistry parameters:Blood Urea Nitrogen mg/dl (mg/dl)	Clinical chemistry	chemistry_parameters_Blood_Urea_Nitrogen_mg_dl_mg_dl	Clinical.chemistry.parameters.Blood.Urea.Nitrogen.mg.dl..mg.dl.	-0.851958041958046	0.984617370016117	0	-0.604825174825173	0.782246453672174	0	-0.00432651759596544	-0.044852930261127	E	E	E
Grip.test.Trial.2..g.	LAT	clinics	-0.841025641025638	0.984617370016117	0	-16.2857142857143	0.077209511535182	0	-0.841025641025638			0	Grip test:Trial 2 (g)	Grip test	test_Trial_2_g	Grip.test.Trial.2..g.	-0.841025641025638	0.984617370016117	0	-16.2857142857143	0.077209511535182	0	-0.0995026468580636	0.0309249132623777	E	E	E
Auditory.startle.reflex.reactivity.and.PPI...P1.P75	LAT	clinics	0.756410256410263	0.984617370016117	0	3.73571428571429	0.737138216183935	0	0.756410256410263			0	Auditory startle reflex reactivity and PPI - P1:P75	Auditory and PPI	startle_reflex_reactivity_and_PPI_P1_P75	Auditory.startle.reflex.reactivity.and.PPI...P1.P75	0.756410256410263	0.984617370016117	0	3.73571428571429	0.737138216183935	0	0.0465541480894595	-0.0162589324369234	E	E	E
Open.field.test.Number.of.Rearings.I3	LAT	clinics	-0.702564102564097	0.984617370016117	0	-3.78571428571428	0.704763585785359	0	-0.702564102564097			0	Open field test:Number of Rearings I3	Open field	field_test_Number_of_Rearings_I3	Open.field.test.Number.of.Rearings.I3	-0.702564102564097	0.984617370016117	0	-3.78571428571428	0.704763585785359	0	-0.0536264188117114	-0.08167764046115	E	E	E
Body.Weight.body.weight.w7..g.	LAT	clinics	0.645641025641027	0.984617370016117	0	-4.30714285714286	3.73205925119302e-07	1	0.645641025641027			0	Body Weight:body weight w7 (g)	Body	Weight_body_weight_w7_g	Body.Weight.body.weight.w7..g.	0.645641025641027	0.984617370016117	0	-4.30714285714286	3.73205925119302e-07	1	-0.14280491702542	-0.00842202227382322	E	E	E
Auditory.startle.reflex.reactivity.and.PPI...P1.Body.weight..g.	LAT	clinics	0.631282051282053	0.984617370016117	0	-4.75	3.18380328343578e-07	1	0.631282051282053			0	Auditory startle reflex reactivity and PPI - P1:Body weight (g)	Auditory and PPI	startle_reflex_reactivity_and_PPI_P1_Body_weight_g	Auditory.startle.reflex.reactivity.and.PPI...P1.Body.weight..g.	0.631282051282053	0.984617370016117	0	-4.75	3.18380328343578e-07	1	-0.15281765592159	-0.00508861039846781	E	E	E
ECG.in.anaesthetized.conditions.QRS..ms.	LAT	clinics	-0.570769230769232	0.984617370016117	0	-0.335714285714285	0.79338136864923	0	-0.570769230769232			0	ECG in anaesthetized conditions:QRS (ms)	ECG	in_anaesthetized_conditions_QRS_ms	ECG.in.anaesthetized.conditions.QRS..ms.	-0.570769230769232	0.984617370016117	0	-0.335714285714285	0.79338136864923	0	-0.0195425798142518	0.0702999039040814	E	E	E
Echocardiography.using.the.Vevo.light.Body.mass..g.	LAT	clinics	0.563076923076924	0.984617370016117	0	-4.78571428571428	1.1505908194069e-06	1	0.563076923076924			0	Echocardiography using the Vevo light:Body mass (g)	Echocardiography	using_the_Vevo_light_Body_mass_g	Echocardiography.using.the.Vevo.light.Body.mass..g.	0.563076923076924	0.984617370016117	0	-4.78571428571428	1.1505908194069e-06	1	-0.1526260768037	0.0121402165782603	E	E	E
Grip.test.Weight..g.	LAT	clinics	0.51794871794872	0.984617370016117	0	-5.11428571428571	8.94869595473144e-08	1	0.51794871794872			0	Grip test:Weight (g)	Grip test	test_Weight_g	Grip.test.Weight..g.	0.51794871794872	0.984617370016117	0	-5.11428571428571	8.94869595473144e-08	1	-0.151263477474746	-0.00489588420710751	E	E	E
Modified.SHIRPA.Body.weight	LAT	clinics	0.51794871794872	0.984617370016117	0	-5.11428571428571	8.94869595473144e-08	1	0.51794871794872			0	Modified SHIRPA:Body weight	SHIRPA	SHIRPA_Body_weight	Modified.SHIRPA.Body.weight	0.51794871794872	0.984617370016117	0	-5.11428571428571	8.94869595473144e-08	1	-0.151263477474746	-0.00489588420710751	E	E	E
Rotarod.test.Body.weight..g.	LAT	clinics	0.51794871794872	0.984617370016117	0	-5.11428571428571	8.94869595473144e-08	1	0.51794871794872			0	Rotarod test:Body weight (g)	Rotarod	test_Body_weight_g	Rotarod.test.Body.weight..g.	0.51794871794872	0.984617370016117	0	-5.11428571428571	8.94869595473144e-08	1	-0.151263477474746	-0.00489588420710751	E	E	E
Auditory.startle.reflex.reactivity.and.PPI...P1.P90	LAT	clinics	-0.470256410256411	0.984617370016117	0	-59.8785714285714	0.148517823461781	0	-0.470256410256411			0	Auditory startle reflex reactivity and PPI - P1:P90	Auditory and PPI	startle_reflex_reactivity_and_PPI_P1_P90	Auditory.startle.reflex.reactivity.and.PPI...P1.P90	-0.470256410256411	0.984617370016117	0	-59.8785714285714	0.148517823461781	0	-0.0348721304169452	0.0893247824086752	E	E	E
Dysmorphology.IMPC.Body.weight..g.	LAT	clinics	0.434358974358975	0.984617370016117	0	-4.57857142857143	8.94869595473144e-08	1	0.434358974358975			0	Dysmorphology IMPC:Body weight (g)	Dysmorphology	IMPC_Body_weight_g	Dysmorphology.IMPC.Body.weight..g.	0.434358974358975	0.984617370016117	0	-4.57857142857143	8.94869595473144e-08	1	-0.14929462422919	-0.0050284746519912	E	E	E
Ultrafocus...Densitométrie.osseuse.et.composition.corporelle.BMD..mg.cm2.	LAT	clinics	-0.415333333333336	0.984617370016117	0	-0.916428571428575	0.723562095816775	0	-0.415333333333336			0	Ultrafocus - Densitométrie osseuse et composition corporelle:BMD (mg/cm2)	Body composition	Densitométrie_osseuse_et_composition_corporelle_BMD_mg_cm2	Ultrafocus...Densitométrie.osseuse.et.composition.corporelle.BMD..mg.cm2.	-0.415333333333336	0.984617370016117	0	-0.916428571428575	0.723562095816775	0	-0.0751114187727245	-0.000264579403097699	E	E	E
Ultrafocus...Densitométrie.osseuse.et.composition.corporelle.sample.area..cm2.	LAT	clinics	0.368974358974359	0.984617370016117	0	-2.84928571428571	1.94527359094787e-05	1	0.368974358974359			0	Ultrafocus - Densitométrie osseuse et composition corporelle:sample area (cm2)	Body composition	Densitométrie_osseuse_et_composition_corporelle_sample_area_cm2	Ultrafocus...Densitométrie.osseuse.et.composition.corporelle.sample.area..cm2.	0.368974358974359	0.984617370016117	0	-2.84928571428571	1.94527359094787e-05	1	-0.146125606524611	-0.00554198424612718	E	E	E
Grip.test.Grip.mean..g.	LAT	clinics	-0.307692307692307	0.984617370016117	0	-17.9528571428571	0.0405648743994091	1	-0.307692307692307			0	Grip test:Grip mean (g)	Grip test	test_Grip_mean_g	Grip.test.Grip.mean..g.	-0.307692307692307	0.984617370016117	0	-17.9528571428571	0.0405648743994091	1	-0.0987640619206373	0.04033988888863	E	E	E
Clinical.chemistry.parameters.Urea..mmol.l.	LAT	clinics	-0.304195804195805	0.984617370016117	0	-0.216083916083917	0.782246453672174	0	-0.304195804195805			0	Clinical chemistry parameters:Urea (mmol/l)	Clinical chemistry	chemistry_parameters_Urea_mmol_l	Clinical.chemistry.parameters.Urea..mmol.l.	-0.304195804195805	0.984617370016117	0	-0.216083916083917	0.782246453672174	0	-0.00437297600434581	-0.0448962965980808	E	E	E
Test.de.Tolérance.au.Glucose..GTT..Glucose.T15..mmol.l.	LAT	clinics	-0.218681318681316	0.984617370016117	0	0.0406593406593387	0.996835825592045	0	-0.218681318681316			0	Test de Tolérance au Glucose (GTT):Glucose T15 (mmol/l)	Glucose tolerance test	de_Tolérance_au_Glucose_GTT_Glucose_T15_mmol_l	Test.de.Tolérance.au.Glucose..GTT..Glucose.T15..mmol.l.	-0.218681318681316	0.984617370016117	0	0.0406593406593387	0.996835825592045	0	-0.00163662920991551	-0.00256360452191881	E	E	E
Ultrafocus...Densitométrie.osseuse.et.composition.corporelle.body.weight..g.	LAT	clinics	0.216923076923077	0.984617370016117	0	-4.49285714285714	2.60451896986578e-06	1	0.216923076923077			0	Ultrafocus - Densitométrie osseuse et composition corporelle:body weight (g)	Body composition	Densitométrie_osseuse_et_composition_corporelle_body_weight_g	Ultrafocus...Densitométrie.osseuse.et.composition.corporelle.body.weight..g.	0.216923076923077	0.984617370016117	0	-4.49285714285714	2.60451896986578e-06	1	-0.153749320664286	0.00574832388244096	E	E	E
Clinical.chemistry.parameters.P.mg.dl..mg.dl.	LAT	clinics	-0.178951048951049	0.984617370016117	0	2.16104895104895	0.000645113404028221	1	-0.178951048951049			0	Clinical chemistry parameters:P mg/dl (mg/dl)	Clinical chemistry	chemistry_parameters_P_mg_dl_mg_dl	Clinical.chemistry.parameters.P.mg.dl..mg.dl.	-0.178951048951049	0.984617370016117	0	2.16104895104895	0.000645113404028221	1	0.114647107429753	-0.0354974363100371	E	E	E
Clinical.chemistry.parameters.Ca.mg.dl..mg.dl.	LAT	clinics	0.165314685314684	0.984617370016117	0	0.358321678321678	0.329836290120762	0	0.165314685314684			0	Clinical chemistry parameters:Ca mg/dl (mg/dl)	Clinical chemistry	chemistry_parameters_Ca_mg_dl_mg_dl	Clinical.chemistry.parameters.Ca.mg.dl..mg.dl.	0.165314685314684	0.984617370016117	0	0.358321678321678	0.329836290120762	0	0.0780560431859578	0.0304188632580503	E	E	E
Grip.test.Grip.mean.ratio..g.g.	LAT	clinics	-0.140000000000001	0.984617370016117	0	0.332857142857144	0.464754263564096	0	-0.140000000000001			0	Grip test:Grip mean ratio (g/g)	Grip test	test_Grip_mean_ratio_g_g	Grip.test.Grip.mean.ratio..g.g.	-0.140000000000001	0.984617370016117	0	0.332857142857144	0.464754263564096	0	0.0235066618685561	0.0475156439004277	E	E	E
Open.field.test.av..speed.center..cm.s.	LAT	clinics	0.121948717948719	0.984617370016117	0	0.347142857142856	0.631999380027726	0	0.121948717948719			0	Open field test:av. speed center (cm/s)	Open field	field_test_av_speed_center_cm_s	Open.field.test.av..speed.center..cm.s.	0.121948717948719	0.984617370016117	0	0.347142857142856	0.631999380027726	0	-0.00014158832359146	-0.123092604792127	E	E	E
Open.field.test.av..speed.whole.arena..cm.s.	LAT	clinics	-0.102923076923076	0.984617370016117	0	0.535	0.111079857945982	0	-0.102923076923076			0	Open field test:av. speed whole arena (cm/s)	Open field	field_test_av_speed_whole_arena_cm_s	Open.field.test.av..speed.whole.arena..cm.s.	-0.102923076923076	0.984617370016117	0	0.535	0.111079857945982	0	0.0309857687776658	-0.166086288282749	E	E	E
Echocardiography.using.the.Vevo.light.LVID_s..mm.	LAT	clinics	-0.092051282051282	0.984617370016117	0	-0.0549999999999997	0.814064501447433	0	-0.092051282051282			0	Echocardiography using the Vevo light:LVID_s (mm)	Echocardiography	using_the_Vevo_light_LVID_s_mm	Echocardiography.using.the.Vevo.light.LVID_s..mm.	-0.092051282051282	0.984617370016117	0	-0.0549999999999997	0.814064501447433	0	-0.0652555544492404	-0.0183391887308311	E	E	E
Open.field.test.av..speed.periphery..cm.s.	LAT	clinics	-0.0758974358974367	0.984617370016117	0	0.545714285714286	0.0703818426438526	0	-0.0758974358974367			0	Open field test:av. speed periphery (cm/s)	Open field	field_test_av_speed_periphery_cm_s	Open.field.test.av..speed.periphery..cm.s.	-0.0758974358974367	0.984617370016117	0	0.545714285714286	0.0703818426438526	0	0.0390490018487937	-0.155837342548079	E	E	E
Clinical.chemistry.parameters.T..Chol...mmol.l.	LAT	clinics	-0.069294871794872	0.984617370016117	0	-0.191923076923077	0.410367191659653	0	-0.069294871794872			0	Clinical chemistry parameters:T. Chol. (mmol/l)	Clinical chemistry	chemistry_parameters_T_Chol_mmol_l	Clinical.chemistry.parameters.T..Chol...mmol.l.	-0.069294871794872	0.984617370016117	0	-0.191923076923077	0.410367191659653	0	-0.00542152643308719	0.0881934461092573	E	E	E
Clinical.chemistry.parameters.P..mmol.l.	LAT	clinics	-0.0574125874125875	0.984617370016117	0	0.698531468531469	0.00141789919304528	1	-0.0574125874125875			0	Clinical chemistry parameters:P (mmol/l)	Clinical chemistry	chemistry_parameters_P_mmol_l	Clinical.chemistry.parameters.P..mmol.l.	-0.0574125874125875	0.984617370016117	0	0.698531468531469	0.00141789919304528	1	0.114690504034445	-0.0354452506982894	E	E	E
Clinical.chemistry.parameters.TG..mmol.l.	LAT	clinics	-0.0560839160839162	0.984617370016117	0	-0.0983216783216785	0.737138216183935	0	-0.0560839160839162			0	Clinical chemistry parameters:TG (mmol/l)	Clinical chemistry	chemistry_parameters_TG_mmol_l	Clinical.chemistry.parameters.TG..mmol.l.	-0.0560839160839162	0.984617370016117	0	-0.0983216783216785	0.737138216183935	0	-0.0175702436558732	-0.0247338924611015	E	E	E
Ultrafocus...Densitométrie.osseuse.et.composition.corporelle.lean.weight..g.	LAT	clinics	-0.0483076923076915	0.984617370016117	0	-2.76	0.00320288322040653	1	-0.0483076923076915			0	Ultrafocus - Densitométrie osseuse et composition corporelle:lean weight (g)	Body composition	Densitométrie_osseuse_et_composition_corporelle_lean_weight_g	Ultrafocus...Densitométrie.osseuse.et.composition.corporelle.lean.weight..g.	-0.0483076923076915	0.984617370016117	0	-2.76	0.00320288322040653	1	-0.136980829760273	0.0125921101003562	E	E	E
Clinical.chemistry.parameters.Ca..mmol.l.	LAT	clinics	0.0413286713286714	0.984617370016117	0	0.08958041958042	0.537071618037714	0	0.0413286713286714			0	Clinical chemistry parameters:Ca (mmol/l)	Clinical chemistry	chemistry_parameters_Ca_mmol_l	Clinical.chemistry.parameters.Ca..mmol.l.	0.0413286713286714	0.984617370016117	0	0.08958041958042	0.537071618037714	0	0.0780560431859578	0.0304188632580503	E	E	E
Clinical.chemistry.parameters.Non.HDL.Chol...mmol.l.	LAT	clinics	0.0378321678321679	0.984617370016117	0	0.131678321678322	0.325371177001994	0	0.0378321678321679			0	Clinical chemistry parameters:Non HDL Chol. (mmol/l)	Clinical chemistry	chemistry_parameters_Non_HDL_Chol_mmol_l	Clinical.chemistry.parameters.Non.HDL.Chol...mmol.l.	0.0378321678321679	0.984617370016117	0	0.131678321678322	0.325371177001994	0	0.0980098693039128	0.0273546436016859	E	E	E
Echocardiography.using.the.Vevo.light.LVPW_d..mm.	LAT	clinics	-0.0338461538461539	0.984617370016117	0	-0.04	0.723562095816775	0	-0.0338461538461539			0	Echocardiography using the Vevo light:LVPW_d (mm)	Echocardiography	using_the_Vevo_light_LVPW_d_mm	Echocardiography.using.the.Vevo.light.LVPW_d..mm.	-0.0338461538461539	0.984617370016117	0	-0.04	0.723562095816775	0	-0.0543572809664636	-0.00315509298656966	E	E	E
Echocardiography.using.the.Vevo.light.LVAW_s..mm.	LAT	clinics	-0.0311282051282051	0.984617370016117	0	-0.0249999999999999	0.820895543632494	0	-0.0311282051282051			0	Echocardiography using the Vevo light:LVAW_s (mm)	Echocardiography	using_the_Vevo_light_LVAW_s_mm	Echocardiography.using.the.Vevo.light.LVAW_s..mm.	-0.0311282051282051	0.984617370016117	0	-0.0249999999999999	0.820895543632494	0	-0.0270612442624646	-0.044789656533226	E	E	E
Echocardiography.using.the.Vevo.light.LVID_d..mm.	LAT	clinics	-0.024974358974359	0.984617370016117	0	-0.00785714285714256	0.996835825592045	0	-0.024974358974359			0	Echocardiography using the Vevo light:LVID_d (mm)	Echocardiography	using_the_Vevo_light_LVID_d_mm	Echocardiography.using.the.Vevo.light.LVID_d..mm.	-0.024974358974359	0.984617370016117	0	-0.00785714285714256	0.996835825592045	0	-0.0569997161923253	-0.0217058302829619	E	E	E
ECG.in.anaesthetized.conditions.STE..mv.	LAT	clinics	0.0233333333333333	0.984617370016117	0	0.0221428571428571	0.814064501447433	0	0.0233333333333333			0	ECG in anaesthetized conditions:STE (mv)	ECG	in_anaesthetized_conditions_STE_mv	ECG.in.anaesthetized.conditions.STE..mv.	0.0233333333333333	0.984617370016117	0	0.0221428571428571	0.814064501447433	0	0.0416536750228516	-0.0905962628485935	E	E	E
Shock.threshold.test.Vocalization	LAT	clinics	0.0213333333333333	0.984617370016117	0	0.00857142857142859	0.9596130255567	0	0.0213333333333333			0	Shock threshold test:Vocalization	Shock threshold	threshold_test_Vocalization	Shock.threshold.test.Vocalization	0.0213333333333333	0.984617370016117	0	0.00857142857142859	0.9596130255567	0	0.0342938951851363	0.0955409368367064	E	E	E
Dysmorphology.IMPC.Vibrissae...presence	LAT	clinics	0.0205128205128204	0.984617370016117	0	0	0.996835825592045	0	0.0205128205128204			0	Dysmorphology IMPC:Vibrissae - presence	Dysmorphology	IMPC_Vibrissae_presence	Dysmorphology.IMPC.Vibrissae...presence	0.0205128205128204	0.984617370016117	0	0	0.996835825592045	0	-0.00465240993498376	0.0102081710432925	E	E	E
Anapath...A2.heart	LAT	clinics	-0.0177435897435898	0.984617370016117	0	0.0157142857142858	0.91471776111422	0	-0.0177435897435898			0	Anapath:% A2 heart	Anapath	A2_heart	Anapath...A2.heart	-0.0177435897435898	0.984617370016117	0	0.0157142857142858	0.91471776111422	0	0.001598346476444	0.0712813687573346	E	E	E
Echocardiography.using.the.Vevo.light.LVAW_d..mm.	LAT	clinics	-0.0115384615384615	0.984617370016117	0	-0.0621428571428572	0.574562778301119	0	-0.0115384615384615			0	Echocardiography using the Vevo light:LVAW_d (mm)	Echocardiography	using_the_Vevo_light_LVAW_d_mm	Echocardiography.using.the.Vevo.light.LVAW_d..mm.	-0.0115384615384615	0.984617370016117	0	-0.0621428571428572	0.574562778301119	0	-0.0462780918306632	0.0294073060592279	E	E	E
Shock.threshold.test.Jump	LAT	clinics	-0.00769230769230766	0.984617370016117	0	0.00714285714285712	0.993478746035358	0	-0.00769230769230766			0	Shock threshold test:Jump	Shock threshold	threshold_test_Jump	Shock.threshold.test.Jump	-0.00769230769230766	0.984617370016117	0	0.00714285714285712	0.993478746035358	0	0.0479428164615731	-0.00961486446251228	E	E	E
Echocardiography.using.the.Vevo.light.LVPW_s..mm.	LAT	clinics	-0.0068717948717949	0.984617370016117	0	-0.0557142857142856	0.619339424546827	0	-0.0068717948717949			0	Echocardiography using the Vevo light:LVPW_s (mm)	Echocardiography	using_the_Vevo_light_LVPW_s_mm	Echocardiography.using.the.Vevo.light.LVPW_s..mm.	-0.0068717948717949	0.984617370016117	0	-0.0557142857142856	0.619339424546827	0	-0.0587719709044204	-0.0112950310720289	E	E	E
Pavlovian.fear.conditioning.Freezing.conditioning.Hab.2	LAT	clinics	-0.266666666666667	0.989440420261915	0	-1.42857142857143	0.809269137709141	0	-0.266666666666667			0	Pavlovian fear conditioning:Freezing conditioning Hab-2	Pavlovian fear cond.	fear_conditioning_Freezing_conditioning_Hab_2	Pavlovian.fear.conditioning.Freezing.conditioning.Hab.2	-0.266666666666667	0.989440420261915	0	-1.42857142857143	0.809269137709141	0	0.0179116381162398	0.0428184148946201	E	E	E
Ultrafocus...Densitométrie.osseuse.et.composition.corporelle.total.weight..g.	LAT	clinics	0.398410256410255	0.995852089179934	0	-4.76214285714286	1.55780985404213e-05	1	0.398410256410255			0	Ultrafocus - Densitométrie osseuse et composition corporelle:total weight (g)	Body composition	Densitométrie_osseuse_et_composition_corporelle_total_weight_g	Ultrafocus...Densitométrie.osseuse.et.composition.corporelle.total.weight..g.	0.398410256410255	0.995852089179934	0	-4.76214285714286	1.55780985404213e-05	1	-0.151622404097029	0.0155344687862049	E	E	E
Ultrafocus...Densitométrie.osseuse.et.composition.corporelle.soft.weight..g.	LAT	clinics	0.395794871794873	0.995852089179934	0	-4.72285714285714	1.3444490398395e-05	1	0.395794871794873			0	Ultrafocus - Densitométrie osseuse et composition corporelle:soft weight (g)	Body composition	Densitométrie_osseuse_et_composition_corporelle_soft_weight_g	Ultrafocus...Densitométrie.osseuse.et.composition.corporelle.soft.weight..g.	0.395794871794873	0.995852089179934	0	-4.72285714285714	1.3444490398395e-05	1	-0.151820007982753	0.015648940014929	E	E	E
Auditory.startle.reflex.reactivity.and.PPI...P1.Glb	LAT	clinics	-0.392717948717952	0.995852089179934	0	1.46428571428572	0.873539137189559	0	-0.392717948717952			0	Auditory startle reflex reactivity and PPI - P1:Glb	Auditory and PPI	startle_reflex_reactivity_and_PPI_P1_Glb	Auditory.startle.reflex.reactivity.and.PPI...P1.Glb	-0.392717948717952	0.995852089179934	0	1.46428571428572	0.873539137189559	0	0.0261007336463483	-0.0225505860169943	E	E	E
Gross.Pathology.Body.Weight..g.	LAT	clinics	0.254205128205129	0.995852089179934	0	-4.21928571428571	2.3579788040901e-06	1	0.254205128205129			0	Gross Pathology:Body Weight (g)	Gross	Pathology_Body_Weight_g	Gross.Pathology.Body.Weight..g.	0.254205128205129	0.995852089179934	0	-4.21928571428571	2.3579788040901e-06	1	-0.153336283045841	-0.000159188288685839	E	E	E
Anapath.body.weight..g.	LAT	clinics	0.253892307692308	0.995852089179934	0	-4.22092857142857	2.3579788040901e-06	1	0.253892307692308			0	Anapath:body weight (g)	Anapath	body_weight_g	Anapath.body.weight..g.	0.253892307692308	0.995852089179934	0	-4.22092857142857	2.3579788040901e-06	1	-0.153338166617453	-9.20737189907071e-05	E	E	E
Ultrafocus...Densitométrie.osseuse.et.composition.corporelle.bone.area..cm2.	LAT	clinics	0.0501538461538455	0.995852089179934	0	-0.527142857142858	0.0405105658777105	1	0.0501538461538455			0	Ultrafocus - Densitométrie osseuse et composition corporelle:bone area (cm2)	Body composition	Densitométrie_osseuse_et_composition_corporelle_bone_area_cm2	Ultrafocus...Densitométrie.osseuse.et.composition.corporelle.bone.area..cm2.	0.0501538461538455	0.995852089179934	0	-0.527142857142858	0.0405105658777105	1	-0.103106925197422	-0.0046577085686235	E	E	E
Anapath.A2.heart..g.	LAT	clinics	-0.00287179487179487	0.995852089179934	0	-0.0228571428571429	0.814064501447433	0	-0.00287179487179487			0	Anapath:A2 heart (g)	Anapath	A2_heart_g	Anapath.A2.heart..g.	-0.00287179487179487	0.995852089179934	0	-0.0228571428571429	0.814064501447433	0	-0.113152773150058	0.0398231451644714	E	E	E
Test.de.Tolérance.au.Glucose..GTT..Glucose.T30..mg.dl.	LAT	clinics	5.14285714285717	0.995865447584443	0	-43.1208791208791	0.0829055489259733	0	5.14285714285717			0	Test de Tolérance au Glucose (GTT):Glucose T30 (mg/dl)	Glucose tolerance test	de_Tolérance_au_Glucose_GTT_Glucose_T30_mg_dl	Test.de.Tolérance.au.Glucose..GTT..Glucose.T30..mg.dl.	5.14285714285717	0.995865447584443	0	-43.1208791208791	0.0829055489259733	0	-0.0746721846237433	0.0233636219876448	E	E	E
Auditory.startle.reflex.reactivity.and.PPI...P1.PP90	LAT	clinics	3.63538461538462	0.995865447584443	0	-67.4642857142857	0.410367191659653	0	3.63538461538462			0	Auditory startle reflex reactivity and PPI - P1:PP90	Auditory and PPI	startle_reflex_reactivity_and_PPI_P1_PP90	Auditory.startle.reflex.reactivity.and.PPI...P1.PP90	3.63538461538462	0.995865447584443	0	-67.4642857142857	0.410367191659653	0	-0.0678754523343574	0.0207770948142313	E	E	E
Test.de.Tolérance.au.Glucose..GTT..Glucose.T0..mg.dl.	LAT	clinics	-0.681318681318672	0.995865447584443	0	4.68681318681318	0.599409514968042	0	-0.681318681318672			0	Test de Tolérance au Glucose (GTT):Glucose T0 (mg/dl)	Glucose tolerance test	de_Tolérance_au_Glucose_GTT_Glucose_T0_mg_dl	Test.de.Tolérance.au.Glucose..GTT..Glucose.T0..mg.dl.	-0.681318681318672	0.995865447584443	0	4.68681318681318	0.599409514968042	0	0.0244685917272213	-0.0118185464683402	E	E	E
Test.de.Tolérance.au.Glucose..GTT..Glucose.T30..mmol.l.	LAT	clinics	0.279670329670331	0.995865447584443	0	-2.37142857142857	0.0829055489259733	0	0.279670329670331			0	Test de Tolérance au Glucose (GTT):Glucose T30 (mmol/l)	Glucose tolerance test	de_Tolérance_au_Glucose_GTT_Glucose_T30_mmol_l	Test.de.Tolérance.au.Glucose..GTT..Glucose.T30..mmol.l.	0.279670329670331	0.995865447584443	0	-2.37142857142857	0.0829055489259733	0	-0.0745800276388594	0.0237402435046535	E	E	E
Echocardiography.using.the.Vevo.light.LV.Vol_d..uL.	LAT	clinics	-0.120717948717953	0.995865447584443	0	-1.81	0.91471776111422	0	-0.120717948717953			0	Echocardiography using the Vevo light:LV Vol_d (uL)	Echocardiography	using_the_Vevo_light_LV_Vol_d_uL	Echocardiography.using.the.Vevo.light.LV.Vol_d..uL.	-0.120717948717953	0.995865447584443	0	-1.81	0.91471776111422	0	-0.0629547920767504	-0.0232091733313706	E	E	E
Test.de.Tolérance.au.Glucose..GTT..Glucose.T0..mmol.l.	LAT	clinics	-0.0362637362637361	0.995865447584443	0	0.258791208791209	0.599409514968042	0	-0.0362637362637361			0	Test de Tolérance au Glucose (GTT):Glucose T0 (mmol/l)	Glucose tolerance test	de_Tolérance_au_Glucose_GTT_Glucose_T0_mmol_l	Test.de.Tolérance.au.Glucose..GTT..Glucose.T0..mmol.l.	-0.0362637362637361	0.995865447584443	0	0.258791208791209	0.599409514968042	0	0.0242515006425026	-0.0121919036865593	E	E	E
Ultrafocus...Densitométrie.osseuse.et.composition.corporelle.BMD..g.cm2.	LAT	clinics	-0.00041897435897436	0.998535244970864	0	-0.000907142857142856	0.996835825592045	0	-0.00041897435897436			0	Ultrafocus - Densitométrie osseuse et composition corporelle:BMD (g/cm2)	Body composition	Densitométrie_osseuse_et_composition_corporelle_BMD_g_cm2	Ultrafocus...Densitométrie.osseuse.et.composition.corporelle.BMD..g.cm2.	-0.00041897435897436	0.998535244970864	0	-0.000907142857142856	0.996835825592045	0	-0.0747667750746819	-0.000792522194901976	E	E	E
Ultrafocus...Densitométrie.osseuse.et.composition.corporelle.BMC..g.	LAT	clinics	0.00292307692307692	1	0	-0.0407142857142857	0.723562095816775	0	0.00292307692307692			0	Ultrafocus - Densitométrie osseuse et composition corporelle:BMC (g)	Body composition	Densitométrie_osseuse_et_composition_corporelle_BMC_g	Ultrafocus...Densitométrie.osseuse.et.composition.corporelle.BMC..g.	0.00292307692307692	1	0	-0.0407142857142857	0.723562095816775	0	-0.0984518339322475	-0.00297472374005302	E	E	E
